OBJECTID,ULAND,UREGBEZ,UKREIS,UGEMEINDE,UJAHR,UMONAT,USTUNDE,UWOCHENTAG,UKATEGORIE,UART,UTYP1,ULICHTVERH,IstRad,IstPKW,IstFuss,IstKrad,IstGkfz,IstSonstige,LINREFX,LINREFY,XGCSWGS84,YGCSWGS84,STRZUSTAND,index_right,FID,SBZ,Name
137820,14,7,13,000,2019,09,12,2,3,2,2,0,1,1,0,0,0,0,"735236,718313502150000","5697039,335754819200000",12.380208543000037,51.37578901100005,0,9,9,9,Nord
137861,14,7,13,000,2019,10,05,3,3,9,1,1,0,0,0,1,0,0,"735316,739000000060000","5693527,601000001700000",12.379033391000064,51.34423353100004,0,0,0,0,Mitte
137862,14,7,13,000,2019,10,17,5,3,2,6,0,0,1,0,0,0,0,"732485,155817321500000","5698122,602530753200000",12.341451679000045,51.38664615000005,0,8,8,8,Nordwest
137869,14,7,13,000,2019,10,12,5,2,5,2,0,0,1,0,0,0,1,"729679,414000000800000","5687336,225000001500000",12.294242105000023,51.29095818800005,0,5,5,5,Südwest
137900,14,7,13,000,2019,09,08,3,3,6,4,0,0,0,1,0,0,1,"733675,153015659190000","5693154,546653704700000",12.355259770000032,51.341561856000055,0,0,0,0,Mitte
137929,14,7,13,000,2019,08,14,4,3,0,1,0,1,0,0,0,0,0,"739344,656946601350000","5694466,656750647400000",12.437392832000057,51.35098099600003,0,2,2,2,Ost
137932,14,7,13,000,2019,10,06,3,3,5,3,2,1,1,0,0,0,0,"737347,843531393450000","5690243,952113611600000",12.405957129000058,51.31391497800007,0,3,3,3,Südost
137935,14,7,13,000,2019,08,05,4,3,4,6,2,1,0,0,0,0,0,"736364,829272563570000","5694766,860541105300000",12.394878024000036,51.354922585000054,1,1,1,1,Nordost
137937,14,7,13,000,2019,09,00,1,2,3,6,2,0,1,0,0,0,0,"735846,845769444480000","5699354,381852336200000",12.39049628600003,51.39631618100003,0,9,9,9,Nord
137991,14,7,13,000,2019,08,07,4,3,3,2,0,1,0,0,0,0,1,"736417,976999999960000","5692751,352000003700000",12.39430162800005,51.33680893500008,0,0,0,0,Mitte
137998,14,7,13,000,2019,08,15,4,3,2,2,0,0,1,0,0,0,0,"735248,075957774180000","5688914,101366963200000",12.375004919000048,51.30284944500005,1,4,4,4,Süd
138009,14,7,13,000,2019,08,14,4,3,0,7,0,0,0,0,1,0,0,"739004,650733252990000","5699168,798750300000000",12.43568035800007,51.393329366000046,0,1,1,1,Nordost
138045,14,7,13,000,2019,09,09,7,3,4,2,0,0,1,0,1,0,0,"739235,950000000190000","5688758,656999999700000",12.432003852000037,51.29979268900007,0,3,3,3,Südost
138051,14,7,13,000,2019,09,18,7,2,2,6,0,0,1,0,0,0,0,"728850,147426532580000","5682486,845062959900000",12.279265698000074,51.24775747000007,1,5,5,5,Südwest
138057,14,7,13,000,2019,09,12,2,2,4,2,0,0,1,0,0,0,0,"736426,389391946610000","5692746,776397526300000",12.39441914200006,51.33676436600007,1,3,3,3,Südost
138061,14,7,13,000,2019,09,15,2,3,2,1,0,0,1,0,1,0,0,"733585,967985837720000","5693118,335352217800000",12.353957799000057,51.34127344800004,1,0,0,0,Mitte
138081,14,7,13,000,2019,08,11,3,3,5,7,0,1,1,0,0,0,0,"728310,268000001090000","5690596,262000000100000",12.276725008000028,51.32077500100007,0,6,6,6,West
138101,14,7,29,190,2019,10,20,4,2,3,6,2,0,1,0,0,0,0,"743316,833187805490000","5685771,668676162100000",12.48839728200005,51.271254405000036,1,3,3,3,Südost
138108,14,7,13,000,2019,10,16,4,3,2,2,0,0,1,0,0,0,0,"740760,770767924380000","5694463,673737268900000",12.457688949000044,51.350356196000064,0,2,2,2,Ost
138121,14,7,13,000,2019,10,16,4,3,8,7,0,0,1,0,0,0,0,"738419,332320030780000","5699900,411021653600000",12.427773967000064,51.400142337000034,1,1,1,1,Nordost
138125,14,7,13,000,2019,08,07,6,3,3,2,0,1,1,0,0,0,0,"736236,844000001440000","5693697,805000001600000",12.392333757000074,51.34537975900008,0,0,0,0,Mitte
138148,14,7,13,000,2019,10,05,7,3,2,6,1,0,1,0,0,1,0,"734330,942697752270000","5693360,181904088700000",12.36479392800004,51.34313785300003,0,0,0,0,Mitte
138173,14,7,13,000,2019,10,11,6,2,9,7,0,0,1,0,0,0,0,"739350,957696109080000","5688645,353836379900000",12.433574575000023,51.298727367000026,0,3,3,3,Südost
138203,14,7,13,000,2019,10,14,4,1,5,3,0,1,0,0,0,1,0,"737823,142000000920000","5701444,821000002300000",12.420254149000073,51.41425490700004,0,9,9,9,Nord
138214,14,7,13,000,2019,09,12,6,3,4,2,0,1,1,0,0,0,0,"736417,350160320290000","5692748,036941323400000",12.394290445000024,51.336779439000054,1,0,0,0,Mitte
138225,14,7,13,000,2019,09,15,6,3,8,1,0,0,1,0,0,0,0,"743325,603650818580000","5695094,387666292500000",12.494881836000047,51.354924923000056,1,2,2,2,Ost
138236,14,7,13,000,2019,10,13,4,3,2,2,0,0,1,0,0,0,0,"742257,770752640440000","5694719,818272244200000",12.479320036000047,51.352019186000064,0,2,2,2,Ost
138240,14,7,13,000,2019,09,13,6,3,2,6,0,0,1,0,0,0,0,"735078,465461152610000","5697039,243835939100000",12.377938731000029,51.375853713000026,1,9,9,9,Nord
138295,14,7,13,000,2019,10,16,3,3,5,3,0,1,0,0,0,0,0,"734004,456360662360000","5693236,694716462900000",12.360033377000036,51.342163834000075,0,0,0,0,Mitte
138302,14,7,13,000,2019,10,14,3,3,5,3,0,1,1,0,0,0,0,"735171,808000000190000","5697039,155000003100000",12.379277444000024,51.37581427100008,1,9,9,9,Nord
138311,14,7,13,000,2019,10,02,1,2,4,6,2,0,1,0,0,0,0,"727200,890243974510000","5693381,829682633300000",12.26260723400003,51.346226208000076,0,7,7,7,Alt-West
138313,14,7,13,000,2019,10,10,3,3,2,6,0,0,1,0,0,0,0,"736425,989900904710000","5692744,809290844900000",12.394412112000055,51.336746875000074,1,3,3,3,Südost
138331,14,7,13,000,2019,09,15,7,3,5,2,0,1,1,0,0,0,0,"737225,033309297640000","5691006,897687202300000",12.40470563100007,51.32081447100006,0,3,3,3,Südost
138335,14,7,13,000,2019,08,16,5,3,4,6,0,1,0,0,0,0,0,"736329,996653930280000","5694347,579238502300000",12.394100253000033,51.351173533000065,0,0,0,0,Mitte
138341,14,7,13,000,2019,08,11,1,3,0,1,0,0,0,0,1,0,1,"733528,856049957690000","5693095,137831300500000",12.353124051000066,51.34108867300006,1,0,0,0,Mitte
138348,14,7,13,000,2019,08,20,1,2,5,3,1,1,1,0,0,0,0,"733062,646306803450000","5696869,559871215400000",12.348914709000042,51.375161379000076,0,8,8,8,Nordwest
138349,14,7,13,000,2019,09,14,5,3,2,2,0,0,1,0,0,0,0,"736061,078184193930000","5693821,434776373200000",12.389896493000037,51.34656249300008,0,0,0,0,Mitte
138354,14,7,13,000,2019,09,10,5,3,5,3,0,1,1,0,0,0,0,"736470,517428582530000","5693234,130330160300000",12.395375052000077,51.34112059500006,0,2,2,2,Ost
138361,14,7,13,000,2019,09,09,5,3,3,6,0,0,1,0,0,0,0,"738140,232921643180000","5689969,461693830800000",12.417123060000051,51.311120172000074,0,3,3,3,Südost
138384,14,7,13,000,2019,09,11,1,3,3,2,0,1,0,0,0,0,0,"734186,910136465910000","5697031,384389877300000",12.365146206000077,51.37615150600004,0,9,9,9,Nord
138393,14,7,13,000,2019,10,16,2,3,2,6,0,0,1,0,0,0,0,"730528,361572054210000","5701166,038087721900000",12.315354721000062,51.41476453200005,0,8,8,8,Nordwest
138404,14,7,13,000,2019,10,16,6,3,5,2,0,1,1,0,0,0,0,"733555,526765150020000","5693106,057651702300000",12.353513459000055,51.34117574100003,0,0,0,0,Mitte
138412,14,7,13,000,2019,10,15,5,3,3,6,0,1,1,0,0,0,0,"728802,346230406310000","5697371,610913947200000",12.288130281000065,51.38140073400007,0,8,8,8,Nordwest
138516,14,7,13,000,2019,09,20,4,3,5,3,2,1,1,0,0,0,0,"729675,133912628520000","5692500,795725707000000",12.297506346000034,51.33732291900003,1,7,7,7,Alt-West
138533,14,7,13,000,2019,10,15,2,3,2,6,0,0,1,0,0,0,0,"739252,202169953850000","5695093,785750452400000",12.436489189000042,51.35664888400004,0,2,2,2,Ost
138535,14,7,13,000,2019,09,08,4,3,5,3,0,0,1,0,0,0,0,"735293,634384018370000","5690250,985395606600000",12.376538913000047,51.31483102800007,1,4,4,4,Süd
138559,14,7,13,000,2019,10,10,2,3,2,6,0,0,1,0,0,0,0,"733395,445240176280000","5693008,356508202900000",12.351155120000044,51.34036444800006,0,0,0,0,Mitte
138560,14,7,13,000,2019,09,09,4,3,2,6,0,0,1,0,0,0,0,"740049,767743565140000","5694426,197075622200000",12.447472473000062,51.35032051400003,1,2,2,2,Ost
138600,14,7,13,000,2019,08,06,2,3,5,3,0,0,1,0,0,0,0,"737163,921460042710000","5691106,463833823800000",12.403896429000042,51.32173366200004,0,3,3,3,Südost
138615,14,7,13,000,2019,08,14,2,3,5,2,0,1,1,0,0,0,0,"736132,520457440060000","5699184,672843365000000",12.394482488000051,51.39467406300008,0,9,9,9,Nord
138623,14,7,13,000,2019,09,13,4,3,5,2,0,1,1,0,0,0,0,"736316,511316286400000","5693604,901632625600000",12.393413958000053,51.344512733000045,0,0,0,0,Mitte
138639,14,7,13,000,2019,09,19,4,3,4,2,2,0,1,0,0,0,0,"730967,099977647890000","5697340,730034275000000",12.319164189000048,51.38024709100006,0,8,8,8,Nordwest
138664,14,7,13,000,2019,10,08,4,3,2,6,0,0,1,0,0,0,0,"735973,302647930570000","5697234,085179138900000",12.390902234000066,51.37723154000008,1,9,9,9,Nord
138732,14,7,13,000,2019,09,10,3,3,5,3,0,1,1,0,0,0,0,"735038,579599915070000","5697039,270312165800000",12.377366681000069,51.375870459000055,0,9,9,9,Nord
138738,14,7,13,000,2019,09,20,3,2,2,6,2,0,1,0,0,0,1,"734709,168649867180000","5700649,680159706600000",12.375028430000043,51.40841479200003,0,9,9,9,Nord
138747,14,7,13,000,2019,08,08,5,3,3,2,0,1,1,0,0,0,0,"735275,431845202110000","5690250,020232360800000",12.376277551000044,51.314829889000066,0,4,4,4,Süd
138767,14,7,13,000,2019,08,14,5,3,2,6,0,0,1,0,0,0,0,"735271,768699053670000","5690249,825999343800000",12.376224953000076,51.31482966000004,0,4,4,4,Süd
138769,14,7,13,000,2019,08,09,5,3,5,3,0,0,1,0,0,0,0,"734945,031632039700000","5690221,674205545300000",12.371526348000032,51.314711927000076,0,4,4,4,Süd
138777,14,7,13,000,2019,08,06,5,3,2,6,0,0,1,0,0,0,0,"731082,251902627760000","5700423,931550275500000",12.322822675000054,51.40787742400005,0,8,8,8,Nordwest
138790,14,7,13,000,2019,08,20,5,3,2,6,2,0,1,0,0,0,1,"730509,308603064160000","5701164,288556218100000",12.315080065000075,51.414756571000055,0,8,8,8,Nordwest
138804,14,7,13,000,2019,08,15,1,3,3,2,0,1,1,0,0,0,0,"730560,524808693680000","5696929,460695894400000",12.313065085000062,51.376720412000054,0,8,8,8,Nordwest
138808,14,7,13,000,2019,10,05,3,3,2,6,2,0,1,0,0,0,0,"735082,381693161090000","5697039,241236344000000",12.377994898000054,51.37585206800003,0,9,9,9,Nord
138833,14,7,13,000,2019,09,05,3,3,5,3,2,1,1,0,0,0,0,"728891,644973284560000","5691753,395183797900000",12.285797314000035,51.33092925600005,0,6,6,6,West
138844,14,7,13,000,2019,09,19,3,3,3,2,1,1,0,0,0,0,1,"739735,429461826570000","5695481,591838073000000",12.443677859000047,51.35992607800006,0,2,2,2,Ost
138857,14,7,13,000,2019,09,08,2,3,5,3,0,1,1,0,0,0,0,"734180,012420050800000","5697030,590642970100000",12.365046750000033,51.37614722600006,0,9,9,9,Nord
138859,14,7,13,000,2019,10,19,6,3,1,6,1,0,1,0,0,0,0,"736454,105088952000000","5696408,621409438600000",12.397249197000065,51.369622105000076,1,9,9,9,Nord
138892,14,7,13,000,2019,10,06,2,3,5,3,2,0,1,0,0,0,1,"736216,464999999850000","5693806,815000003200000",12.392113989000052,51.34636672200003,0,0,0,0,Mitte
138903,14,7,30,270,2019,10,20,6,3,2,6,2,0,1,0,0,0,1,"730263,426729536620000","5701179,951444082000000",12.31156042400005,51.414997060000076,0,8,8,8,Nordwest
138905,14,7,13,000,2019,08,16,4,3,5,3,0,1,1,0,0,0,0,"734324,288170457820000","5693358,873340157800000",12.36469769100006,51.34312885000003,0,0,0,0,Mitte
138917,14,7,13,000,2019,08,15,4,3,5,2,0,0,1,0,0,0,1,"736633,330208735540000","5695730,361442543600000",12.399368029000073,51.36345934800005,0,9,9,9,Nord
138921,14,7,13,000,2019,10,19,1,3,4,2,2,0,1,0,0,0,0,"735061,879027561280000","5690236,924713362000000",12.373210072000063,51.31480057600004,0,4,4,4,Süd
138972,14,7,13,000,2019,10,18,5,3,5,3,2,1,0,0,0,0,1,"736312,756377690470000","5692443,970458731100000",12.392589907000058,51.33409354600008,1,0,0,0,Mitte
138974,14,7,13,000,2019,10,15,5,3,6,4,0,1,0,1,0,0,0,"733095,269320107070000","5692909,570435551900000",12.346788360000062,51.33960081100008,1,0,0,0,Mitte
138981,14,7,13,000,2019,10,15,5,3,3,2,0,1,1,0,0,0,0,"738694,651858763770000","5689275,134496536100000",12.424598837000076,51.30465571600007,1,3,3,3,Südost
138983,14,7,13,000,2019,10,09,5,2,5,3,0,0,1,0,0,0,0,"729680,764877594080000","5687336,771898780000000",12.294261798000036,51.29096255300004,0,5,5,5,Südwest
138998,14,7,13,000,2019,09,05,2,3,9,1,2,0,1,0,0,0,0,"737923,035811662670000","5699040,150456085800000",12.420075819000033,51.39262907600005,1,1,1,1,Nordost
139004,14,7,13,000,2019,09,03,2,3,8,6,2,0,1,0,0,1,0,"743047,012276992200000","5695343,963669583200000",12.491058875000022,51.35728413100003,1,2,2,2,Ost
139015,14,7,13,000,2019,09,18,2,3,4,1,0,0,1,0,0,0,0,"735107,021017895080000","5697039,222496863500000",12.378348277000043,51.37584170100007,1,9,9,9,Nord
139022,14,7,13,000,2019,10,14,3,2,4,2,0,0,1,0,0,0,0,"735062,544455755500000","5690237,011562692000000",12.373219661000064,51.31480108100004,0,4,4,4,Süd
139031,14,7,13,000,2019,09,06,2,3,5,3,0,1,1,0,0,0,0,"740907,373535823080000","5696374,687966544200000",12.461084233000065,51.367446459000064,0,2,2,2,Ost
139035,14,7,13,000,2019,08,21,7,3,5,3,2,0,1,0,0,0,0,"738577,091000000950000","5694523,927999997500000",12.426428878000024,51.35181773100004,0,1,1,1,Nordost
139125,14,7,13,000,2019,10,05,2,3,2,6,2,0,1,0,0,1,0,"730561,161979905330000","5701168,988320289200000",12.315827511000066,51.41477768200008,1,8,8,8,Nordwest
139172,14,7,13,000,2019,10,12,4,3,4,2,0,0,1,0,0,0,0,"736524,621836889540000","5690277,868291286800000",12.394188620000023,51.314562108000075,1,0,0,0,Mitte
139175,14,7,13,000,2019,09,07,1,3,5,3,0,1,1,0,0,0,0,"739921,274370010940000","5694457,297926796600000",12.445651663000035,51.35065391200004,0,2,2,2,Ost
139177,14,7,13,000,2019,09,08,1,3,8,1,0,0,1,0,0,0,0,"736580,780011758210000","5694577,253194501600000",12.397847796000065,51.35313079500003,0,1,1,1,Nordost
139185,14,7,13,000,2019,10,05,4,3,4,2,2,0,1,0,0,0,0,"736140,700556329450000","5701505,259194824800000",12.39614418900004,51.415500415000054,1,9,9,9,Nord
139190,14,7,13,000,2019,10,12,4,2,6,2,0,0,0,1,0,1,0,"731966,666702380400000","5688395,793058959800000",12.327676922000023,51.299542975000065,1,5,5,5,Südwest
139237,14,7,13,000,2019,10,12,7,2,4,1,0,0,1,0,0,0,0,"728064,168433899990000","5693296,349555285600000",12.274927461000061,51.34511317000005,0,7,7,7,Alt-West
139267,14,7,13,000,2019,10,10,7,3,2,2,0,0,1,0,0,0,0,"734921,936317685060000","5697039,292875643800000",12.375693726000065,51.37591892300003,1,9,9,9,Nord
139273,14,7,13,000,2019,10,09,6,2,3,6,0,0,1,0,0,1,0,"739957,662982079200000","5695681,977520454700000",12.446999093000045,51.361630872000035,0,2,2,2,Ost
139282,14,7,13,000,2019,08,09,1,3,5,3,0,0,1,0,0,0,0,"728852,572728044350000","5682491,973694162400000",12.279303668000068,51.24780253900008,0,5,5,5,Südwest
139288,14,7,13,000,2019,09,16,6,3,1,6,0,0,1,0,0,0,0,"734279,145438045260000","5697038,656194459600000",12.366473916000075,51.37617873900007,0,9,9,9,Nord
139293,14,7,13,000,2019,08,12,6,3,2,6,0,0,1,0,0,0,0,"736344,604991044850000","5694753,321876591100000",12.394579101000033,51.35480947100007,0,1,1,1,Nordost
139310,14,7,13,000,2019,08,18,6,3,5,3,0,1,1,0,0,0,0,"745887,780612670820000","5692180,881937541100000",12.529596258000026,51.32767387000007,0,2,2,2,Ost
139312,14,7,13,000,2019,10,14,7,2,2,6,0,0,1,0,0,0,0,"733655,863561906850000","5693146,620353363500000",12.354978109000058,51.34149863200008,0,0,0,0,Mitte
139326,14,7,13,000,2019,10,07,4,3,4,2,0,0,1,0,0,0,0,"740670,047000000250000","5686728,824000002800000",12.45116934300006,51.280969206000066,0,3,3,3,Südost
139337,14,7,13,000,2019,10,05,3,3,2,6,1,0,1,0,1,0,0,"732805,247999999670000","5692786,001000000200000",12.342551072000049,51.338610379000045,0,7,7,7,Alt-West
139344,14,7,13,000,2019,10,15,3,3,5,2,0,1,1,0,0,0,0,"736465,684211374260000","5693017,871772099300000",12.395162206000066,51.33918143000005,0,0,0,0,Mitte
139347,14,7,13,000,2019,10,05,3,3,2,2,2,0,1,0,0,0,0,"728904,625000000000000","5698648,693000001800000",12.290420547000053,51.39282396100003,1,8,8,8,Nordwest
139348,14,7,13,000,2019,08,06,7,3,0,1,0,1,0,0,0,0,0,"735622,572456991300000","5697096,633789703200000",12.385780627000031,51.37614337600007,0,9,9,9,Nord
139404,14,7,13,000,2019,10,10,1,3,2,6,0,0,1,0,1,0,0,"730082,453335202300000","5693095,936698511200000",12.303728376000038,51.342500861000076,0,7,7,7,Alt-West
139419,14,7,13,000,2019,09,20,6,3,9,1,2,0,1,0,0,0,0,"735857,235533543860000","5693713,447597533500000",12.386903219000033,51.34567777800004,0,0,0,0,Mitte
139466,14,7,13,000,2019,08,15,7,3,2,6,0,0,1,0,0,0,0,"732523,291263351220000","5692414,074530795200000",12.338267427000062,51.33538706500008,0,7,7,7,Alt-West
139488,14,7,13,000,2019,08,13,7,2,4,2,0,0,1,0,0,0,0,"740714,766943295490000","5686515,182891240300000",12.451665481000077,51.27903273100003,0,3,3,3,Südost
139523,14,7,13,000,2019,10,11,7,3,1,6,0,0,0,0,0,0,1,"727734,029940097590000","5699057,252633573500000",12.273885321000023,51.39696259300007,0,8,8,8,Nordwest
139543,14,7,13,000,2019,08,14,5,3,4,3,0,1,0,0,0,0,0,"737761,137000001040000","5690343,621000001200000",12.411943076000057,51.314637118000064,0,3,3,3,Südost
139553,14,7,13,000,2019,09,09,2,3,6,3,0,1,0,1,0,0,0,"733912,313034006390000","5693213,149165397500000",12.358697281000047,51.341990390000035,0,0,0,0,Mitte
139566,14,7,13,000,2019,09,16,5,3,2,6,0,0,1,0,0,0,0,"737270,932319379410000","5690922,135163139600000",12.405306732000042,51.32003449600006,0,0,0,0,Mitte
139570,14,7,13,000,2019,09,20,5,2,4,6,1,0,1,0,0,0,0,"728787,088622906250000","5686035,631724989000000",12.280633386000034,51.27964146700003,0,5,5,5,Südwest
139572,14,7,13,000,2019,09,09,5,3,5,3,0,0,1,0,0,0,0,"735293,682685431090000","5690263,397294910600000",12.376547792000054,51.31494242200006,0,4,4,4,Süd
139580,14,7,13,000,2019,09,08,2,3,8,1,0,0,1,0,0,0,0,"732000,709047129380000","5699420,535443315300000",12.335349552000025,51.39849542700006,1,8,8,8,Nordwest
139604,14,7,13,000,2019,08,09,6,3,2,6,0,0,1,0,0,0,0,"730432,659890355540000","5700982,806764302800000",12.313861802000076,51.41315859300005,0,8,8,8,Nordwest
139609,14,7,13,000,2019,09,19,4,3,2,6,2,0,1,0,0,0,0,"734225,583045515230000","5693317,600803539200000",12.363255844000037,51.34279903800007,0,0,0,0,Mitte
139622,14,7,13,000,2019,11,17,5,3,2,6,2,0,1,0,0,0,0,"743375,400974676940000","5695182,174762478100000",12.495655683000052,51.35569150800006,0,2,2,2,Ost
139646,14,7,13,000,2019,11,21,4,2,4,3,2,0,1,0,0,0,0,"736544,862596290190000","5690276,939528996100000",12.394477917000074,51.31454536000007,0,0,0,0,Mitte
139647,14,7,13,000,2019,11,13,4,3,5,3,0,0,1,0,0,0,1,"733019,406747909260000","5696871,018890677000000",12.348295489000066,51.37519221800005,0,8,8,8,Nordwest
139648,14,7,13,000,2019,11,16,4,3,2,6,1,0,1,0,0,0,0,"736560,619049242700000","5695978,242721833300000",12.398490338000045,51.365714635000074,0,9,9,9,Nord
139650,14,7,13,000,2019,11,18,4,3,2,6,1,0,1,0,0,0,0,"736464,155406423840000","5692263,336771234900000",12.39463947300004,51.332409220000045,0,0,0,0,Mitte
139651,14,7,13,000,2019,11,19,4,3,5,3,2,0,1,0,0,0,1,"740768,678143032830000","5694464,430970594300000",12.45780280100007,51.35035964400004,0,2,2,2,Ost
139665,14,7,13,000,2019,11,13,3,3,5,3,0,1,0,0,0,0,1,"732525,413766680290000","5692414,196299826700000",12.338297923000027,51.33538729000003,0,7,7,7,Alt-West
139698,14,7,13,000,2019,11,17,2,3,2,6,2,0,1,0,0,0,0,"735774,528999999170000","5690275,728000000100000",12.383443358000022,51.31485411700004,0,4,4,4,Süd
139741,14,7,13,000,2019,11,21,6,3,8,1,2,0,1,0,0,0,0,"729248,988983999940000","5698299,943052675600000",12.29513672400003,51.38955423900006,1,8,8,8,Nordwest
139745,14,7,13,000,2019,11,21,6,3,9,1,2,0,1,0,0,0,0,"732483,886861830020000","5698117,203004967400000",12.341429940000069,51.38659820100003,1,8,8,8,Nordwest
139774,14,7,13,000,2019,11,05,5,2,5,3,2,0,1,0,0,0,0,"741553,334244976750000","5696775,376526368800000",12.470618603000048,51.37076851900008,1,1,1,1,Nordost
139791,14,7,13,000,2019,11,05,4,3,2,6,2,0,1,0,0,0,0,"733913,834792066370000","5693214,403945434800000",12.358719915000052,51.34200102800003,0,0,0,0,Mitte
139793,14,7,13,000,2019,11,13,4,3,2,6,0,0,1,0,0,0,0,"734075,298061054200000","5697011,426188016300000",12.36353222200006,51.37601836700003,0,9,9,9,Nord
139810,14,7,13,000,2019,11,19,3,3,5,3,2,1,1,0,0,0,0,"731713,706421875390000","5692645,412307864100000",12.326816005000069,51.33779416100003,1,7,7,7,Alt-West
139811,14,7,13,000,2019,11,15,3,2,8,7,0,0,0,0,0,1,0,"731088,293095883910000","5682864,824179370000000",12.311523583000053,51.250248439000075,0,5,5,5,Südwest
139812,14,7,13,000,2019,11,14,3,3,6,7,0,0,0,1,0,0,1,"735414,341425278220000","5693520,057587755800000",12.380427308000037,51.344125414000075,0,0,0,0,Mitte
139813,14,7,13,000,2019,11,06,3,2,2,6,0,0,1,0,0,0,0,"741586,432751096790000","5696808,670734170800000",12.471115846000032,51.37105327300003,1,1,1,1,Nordost
139814,14,7,13,000,2019,11,07,3,3,9,1,0,0,1,0,0,0,1,"738468,923563343470000","5694561,424110230100000",12.424903487000051,51.35219968200005,1,1,1,1,Nordost
139836,14,7,13,000,2019,11,16,2,3,2,6,0,0,1,0,0,0,0,"736379,127431193370000","5702020,328095130600000",12.399910100000056,51.42002435300003,0,9,9,9,Nord
139838,14,7,13,000,2019,11,07,2,3,5,3,0,0,1,0,0,0,0,"728243,739000000060000","5685705,725999999800000",12.27264514500007,51.27689766300006,1,5,5,5,Südwest
139877,14,7,13,000,2019,11,15,7,2,8,1,0,0,1,0,0,0,0,"728769,535069326870000","5684127,280892940200000",12.279161181000063,51.26251660400004,0,5,5,5,Südwest
139893,14,7,13,000,2019,11,11,6,3,5,3,0,1,1,0,0,0,0,"740382,502527183850000","5694443,715747673100000",12.452253564000046,51.35033714800005,0,2,2,2,Ost
139915,14,7,13,000,2019,10,16,5,3,8,1,0,0,1,0,0,0,0,"726055,227492343630000","5693410,365501096500000",12.246202046000064,51.34693910100003,0,7,7,7,Alt-West
139916,14,7,13,000,2019,10,15,5,2,9,1,0,0,1,0,0,0,0,"739816,300851072180000","5698302,082800429300000",12.446739919000038,51.385207698000045,0,1,1,1,Nordost
139945,14,7,13,000,2019,11,23,4,2,5,3,2,1,1,0,0,0,0,"734749,869891581130000","5693486,710779044800000",12.370881613000051,51.34410081900006,0,0,0,0,Mitte
139968,14,7,13,000,2019,11,08,3,3,0,4,0,0,0,1,0,0,1,"738577,091000000950000","5694523,927999997500000",12.426428878000024,51.35181773100004,0,1,1,1,Nordost
139991,14,7,13,000,2019,11,04,2,2,5,3,2,0,1,0,0,0,0,"738696,632000002080000","5701101,430999999900000",12.432560976000048,51.41080578700007,1,9,9,9,Nord
140033,14,7,13,000,2019,12,15,7,3,8,1,0,0,1,0,0,0,0,"742708,729972599070000","5684826,196088306600000",12.479054681000036,51.263027555000065,0,3,3,3,Südost
140038,14,7,13,000,2019,12,13,7,3,2,6,0,0,1,0,0,0,0,"741823,518108259890000","5694626,613011738300000",12.473032265000029,51.35136754100006,0,2,2,2,Ost
140062,14,7,13,000,2019,11,16,6,3,7,7,2,1,0,0,0,0,0,"737490,255281694230000","5694267,366798456800000",12.410678397000027,51.349969971000064,1,1,1,1,Nordost
140068,14,7,13,000,2019,12,22,6,3,2,6,2,0,1,0,0,0,0,"732630,814147268420000","5692412,345850264700000",12.339807157000052,51.335327577000044,1,7,7,7,Alt-West
140070,14,7,13,000,2019,12,08,6,3,3,6,0,1,0,0,0,0,0,"733847,367040568960000","5693191,495469357800000",12.357752236000067,51.34182273000005,0,0,0,0,Mitte
140071,14,7,13,000,2019,12,18,6,3,5,1,2,0,1,0,1,0,0,"744544,356198882680000","5692258,164761455700000",12.510404056000027,51.32894654300003,1,2,2,2,Ost
140074,14,7,13,000,2019,12,17,6,2,4,2,2,0,1,0,1,0,0,"734181,356000000610000","5697030,764000004200000",12.365066135000063,51.376148228000034,0,9,9,9,Nord
140079,14,7,13,000,2019,12,11,6,3,2,6,0,0,1,0,0,1,0,"726973,354439008050000","5686118,459646135600000",12.25472362000005,51.28111036900003,0,5,5,5,Südwest