OBJECTID,ULAND,UREGBEZ,UKREIS,UGEMEINDE,UJAHR,UMONAT,USTUNDE,UWOCHENTAG,UKATEGORIE,UART,UTYP1,ULICHTVERH,IstRad,IstPKW,IstFuss,IstKrad,IstGkfz,IstSonstige,LINREFX,LINREFY,XGCSWGS84,YGCSWGS84,STRZUSTAND,index_right,FID,SBZ,Name
256476,14,7,13,000,2019,02,07,6,3,5,3,0,0,1,0,0,0,0,"733982,710000000890000","5695413,229000002100000",12.36115256000005,51.36171039700008,0,9,9,9,Nord
256477,14,7,13,000,2019,02,20,6,3,6,4,2,0,1,1,0,0,0,"733181,338417695840000","5695858,344145171300000",12.349953872000071,51.36603543600006,0,8,8,8,Nordwest
256478,14,7,13,000,2019,02,18,6,3,2,6,2,0,1,0,0,0,0,"735054,610286169690000","5690583,445489464300000",12.373334337000074,51.31791409300007,0,4,4,4,Süd
256480,14,7,13,000,2019,02,07,6,2,6,4,2,0,1,1,0,0,0,"729242,233363940380000","5694934,863063221800000",12.29286955300006,51.35934847400006,0,7,7,7,Alt-West
256494,14,7,13,000,2019,02,13,5,3,3,2,0,1,0,0,0,0,0,"734519,332303833220000","5692540,146985502900000",12.366954091000025,51.33569919000007,0,0,0,0,Mitte
256495,14,7,13,000,2019,02,14,5,3,2,6,0,0,1,0,0,0,0,"729783,675717581990000","5691145,156455729200000",12.29818775800004,51.32510939600007,0,6,6,6,West
256496,14,7,13,000,2019,02,14,5,3,3,6,0,0,0,0,0,0,1,"737186,670709560630000","5692927,910098958800000",12.405434588000048,51.33807366700006,0,3,3,3,Südost
256498,14,7,13,000,2019,02,05,5,3,5,3,2,1,1,0,0,0,0,"733593,375000000000000","5694195,051000000900000",12.354770379000058,51.35093559000006,0,0,0,0,Mitte
256503,14,7,13,000,2019,02,19,4,2,5,3,2,1,0,0,0,0,0,"731709,758219332430000","5693088,546835133800000",12.327047711000034,51.34177370200007,0,7,7,7,Alt-West
256504,14,7,13,000,2019,02,10,5,3,0,4,0,0,1,1,0,0,0,"731971,632171562870000","5690911,301371635900000",12.32938365700005,51.32212225500007,0,5,5,5,Südwest
256505,14,7,13,000,2019,02,18,4,3,2,6,2,0,1,0,0,0,0,"735080,512923006900000","5690102,742397422000000",12.373388544000022,51.31358840300004,0,4,4,4,Süd
256506,14,7,13,000,2019,02,18,4,2,6,4,1,0,1,1,0,0,0,"732024,143577487210000","5690710,914101932200000",12.330005560000075,51.320302007000066,0,5,5,5,Südwest
256511,14,7,13,000,2019,02,16,3,3,3,7,0,0,1,0,0,0,0,"739798,488514121620000","5693958,612131737200000",12.443555772000025,51.34622966500007,0,2,2,2,Ost
256512,14,7,13,000,2019,02,19,3,1,6,4,2,0,1,1,0,0,0,"734328,173000000420000","5693360,498000001500000",12.364754439000023,51.34314183200007,0,0,0,0,Mitte
256516,14,7,13,000,2019,02,14,2,3,6,4,0,1,0,1,0,0,0,"736055,035125967120000","5691540,678615642700000",12.388298590000034,51.32609239100003,0,0,0,0,Mitte
256522,14,7,13,000,2019,02,00,1,3,0,1,2,1,0,0,0,0,0,"737577,226856031460000","5693743,904611358400000",12.41157572800006,51.34523502700006,0,2,2,2,Ost
256523,14,7,13,000,2019,02,09,1,3,5,2,0,1,1,0,0,0,0,"736794,383000002240000","5693773,367000000600000",12.400375085000064,51.34582607400006,1,2,2,2,Ost
256529,14,7,13,000,2019,02,12,7,3,5,2,0,0,1,0,0,0,0,"737190,937363443900000","5692060,915064260400000",12.404918547000022,51.33028966000006,0,3,3,3,Südost
256530,14,7,13,000,2019,02,13,7,3,3,6,0,1,1,0,0,0,0,"734505,288648708720000","5695450,898112218800000",12.36867029800004,51.361833096000055,0,9,9,9,Nord
256531,14,7,13,000,2019,02,14,7,3,5,3,0,0,1,0,0,0,0,"732094,088000000450000","5696572,573000000800000",12.334828799000036,51.372892069000045,0,8,8,8,Nordwest
256532,14,7,13,000,2019,02,17,7,3,6,4,2,0,0,1,0,0,1,"733612,591412352400000","5694050,113408213500000",12.354950727000073,51.349626656000055,0,0,0,0,Mitte
256540,14,7,13,000,2019,02,09,6,3,1,1,0,0,1,0,1,0,0,"734814,275822153310000","5696152,581299418600000",12.37356391700007,51.36800403600006,1,9,9,9,Nord
256541,14,7,13,000,2019,02,20,6,3,5,2,2,1,1,0,0,0,0,"734579,041494761590000","5691402,904484503000000",12.367061126000067,51.32546616800005,0,0,0,0,Mitte
256543,14,7,13,000,2019,02,12,6,3,1,5,0,1,1,0,0,0,0,"731981,490513445810000","5693070,228842964400000",12.330930422000051,51.341498468000054,0,7,7,7,Alt-West
256551,14,7,13,000,2019,02,19,5,3,4,2,2,1,0,0,0,0,0,"737323,677594861950000","5689346,120832901400000",12.405013791000044,51.30586600600003,1,4,4,4,Süd
256552,14,7,13,000,2019,02,08,5,3,2,6,0,0,1,0,0,0,0,"735676,885851719420000","5696243,090018691500000",12.385993777000067,51.36845925200004,0,9,9,9,Nord
256553,14,7,13,000,2019,02,16,5,2,6,4,0,1,0,1,0,0,0,"736981,852985189300000","5692329,265852550000000",12.402101250000044,51.332785554000054,0,3,3,3,Südost
256556,14,7,13,000,2019,02,15,5,3,6,4,0,0,1,1,0,0,0,"731760,841778102330000","5689791,148720927500000",12.325635805000047,51.31215271100007,0,5,5,5,Südwest
256562,14,7,13,000,2019,02,15,4,3,5,3,0,1,1,0,0,0,0,"735105,932613565590000","5694831,550255253900000",12.37687320200007,51.35602542500004,0,0,0,0,Mitte
256563,14,7,13,000,2019,02,16,4,3,6,4,0,0,1,1,0,0,0,"737090,672149536200000","5691710,077980626400000",12.40324855800003,51.327182304000075,0,3,3,3,Südost
256564,14,7,13,000,2019,02,08,4,3,5,3,0,0,1,0,0,0,0,"735088,571198185910000","5689716,237685119700000",12.373249263000048,51.31011564600004,0,4,4,4,Süd
256565,14,7,13,000,2019,02,16,4,3,1,7,0,0,1,0,0,0,0,"737319,358576356430000","5697137,436153911100000",12.410143637000033,51.37580311500005,0,1,1,1,Nordost
256567,14,7,13,000,2019,02,18,4,2,5,3,2,1,1,0,0,0,0,"735640,207727350290000","5693583,364042956400000",12.383706455000038,51.34460010600003,0,0,0,0,Mitte
256574,14,7,13,000,2019,02,21,3,3,2,5,2,0,1,0,0,0,0,"737298,656747949310000","5692986,055120715900000",12.407078125000055,51.33854886300003,0,2,2,2,Ost
256575,14,7,13,000,2019,02,10,3,3,2,2,0,0,1,0,0,0,1,"729904,111349514690000","5693527,145123038400000",12.301450570000043,51.34644397200003,0,7,7,7,Alt-West
256582,14,7,13,000,2019,02,15,2,3,6,4,0,0,1,1,0,0,0,"732069,001735202970000","5690768,126959737400000",12.330685434000031,51.32079730300006,0,5,5,5,Südwest
256583,14,7,13,000,2019,02,13,2,3,2,6,0,0,1,0,0,0,0,"732909,741682269610000","5690573,999311616600000",12.342603044000043,51.31871117700007,0,5,5,5,Südwest
256585,14,7,13,000,2019,02,09,2,3,6,2,0,0,1,1,0,0,0,"736691,880665168170000","5689812,551641661700000",12.396275565000053,51.31031579800003,2,4,4,4,Süd
256586,14,7,13,000,2019,02,11,2,3,5,3,0,0,1,0,0,1,0,"729395,997999998740000","5700949,383000003200000",12.298958517000074,51.41327879500005,0,8,8,8,Nordwest
256587,14,7,13,000,2019,02,05,2,3,6,4,2,0,1,1,0,0,0,"735104,409949135040000","5697083,586696352800000",12.378340173000026,51.37624100700003,1,9,9,9,Nord
256588,14,7,13,000,2019,02,17,2,2,5,2,2,1,1,0,0,0,0,"733227,759681896310000","5693908,570394042900000",12.349341504000051,51.34851410600004,0,0,0,0,Mitte
256589,14,7,13,000,2019,02,22,2,3,6,4,2,0,0,1,0,0,1,"737197,166308441200000","5693446,449572812800000",12.405930333000072,51.342723739000064,0,2,2,2,Ost
256590,14,7,13,000,2019,02,15,2,3,6,2,0,0,1,1,0,0,0,"732041,186999999920000","5690700,188000001000000",12.330242744000032,51.32019877100004,0,5,5,5,Südwest
256594,14,7,13,000,2019,02,16,5,3,5,3,0,1,1,0,0,0,0,"729550,724966436620000","5694223,181751586500000",12.296833783000068,51.352835138000046,0,7,7,7,Alt-West
256603,14,7,13,000,2019,02,04,7,3,8,1,2,0,1,0,0,0,0,"735096,947188628840000","5698335,568532880400000",12.379061533000026,51.38748221700007,0,9,9,9,Nord
256604,14,7,13,000,2019,02,02,7,2,5,3,2,0,1,0,0,0,0,"735404,574947037730000","5691393,274078734200000",12.378882089000058,51.32503875000003,1,0,0,0,Mitte
256613,14,7,13,000,2019,02,07,6,3,2,2,1,0,1,0,0,0,1,"738161,640993957410000","5689966,791636752000000",12.417427880000048,51.31108724900008,1,3,3,3,Südost
256614,14,7,13,000,2019,02,22,6,3,9,1,2,0,0,0,1,0,0,"737345,349347448910000","5695360,669973816700000",12.409330495000063,51.35984400800004,0,1,1,1,Nordost
256615,14,7,13,000,2019,02,08,6,3,5,3,0,0,1,0,0,0,0,"733743,722818515260000","5695384,325072506400000",12.357706860000064,51.36154930500004,0,9,9,9,Nord
256616,14,7,13,000,2019,02,20,6,3,4,2,2,0,1,0,0,0,0,"739101,297688260670000","5699445,907223926900000",12.437253578000025,51.39577590300007,0,1,1,1,Nordost
256627,14,7,13,000,2019,01,18,5,3,5,3,2,1,1,0,0,0,0,"734744,735533589500000","5694659,020308746000000",12.371581096000057,51.35462603900004,0,0,0,0,Mitte
256628,14,7,13,000,2019,01,17,5,3,5,3,2,0,1,0,0,0,0,"734749,241718363020000","5691054,022438447900000",12.369269849000034,51.32226424800007,0,4,4,4,Süd
256629,14,7,13,000,2019,01,11,5,3,5,3,0,1,1,0,0,0,0,"737187,136553028600000","5692060,936897389600000",12.404864104000069,51.33029144100004,0,3,3,3,Südost
256630,14,7,13,000,2019,01,18,5,1,6,4,2,0,1,1,0,0,0,"734571,393920272590000","5694870,693882046300000",12.369235591000063,51.35659767300007,0,9,9,9,Nord
256642,14,7,13,000,2019,01,15,4,3,6,5,0,0,1,1,0,0,0,"737020,207065334540000","5689521,904545886400000",12.400784724000061,51.30757028900007,0,4,4,4,Süd
256643,14,7,13,000,2019,01,11,4,3,6,6,0,0,0,1,0,0,1,"741333,867894575930000","5686935,675947656900000",12.460809509000057,51.282545095000046,0,3,3,3,Südost
256655,14,7,13,000,2019,01,12,3,3,6,4,0,0,1,1,0,0,0,"735145,143446476200000","5693385,154064683200000",12.376479893000067,51.343025872000055,1,0,0,0,Mitte
256656,14,7,13,000,2019,01,09,3,3,3,6,0,0,1,0,0,1,0,"733821,524438750930000","5692556,161428717900000",12.356964781000045,51.33613026300003,1,0,0,0,Mitte
256657,14,7,13,000,2019,01,13,3,2,3,6,0,1,0,0,0,1,0,"735059,657628523190000","5690835,920855904000000",12.373573064000027,51.32017833000003,0,4,4,4,Süd
256658,14,7,13,000,2019,01,07,3,3,6,4,2,0,1,1,0,0,0,"735460,878577291970000","5691812,283369209600000",12.379965533000075,51.32877662000004,1,0,0,0,Mitte
256659,14,7,13,000,2019,01,16,3,3,2,6,0,0,1,0,0,0,0,"737386,521275704730000","5696863,903031304500000",12.410924218000048,51.37331981900007,0,1,1,1,Nordost
256663,14,7,13,000,2019,02,10,5,2,5,3,0,1,0,0,0,0,0,"735905,780356929640000","5694588,585677798800000",12.388178977000052,51.35351307700006,0,9,9,9,Nord
256674,14,7,13,000,2019,03,17,6,3,5,2,1,0,1,0,0,0,0,"740112,633954940360000","5698120,406047254800000",12.450867860000074,51.38345179300006,1,1,1,1,Nordost
256688,14,7,13,000,2019,03,12,5,3,6,4,0,0,1,1,0,0,0,"733380,883823584770000","5693530,444183856200000",12.351288585000077,51.34505698600003,1,0,0,0,Mitte
256689,14,7,13,000,2019,03,18,6,2,6,4,2,0,1,1,0,0,0,"734906,175892294380000","5690896,256623646200000",12.37141414000007,51.320783309000035,1,4,4,4,Süd
256690,14,7,13,000,2019,03,15,5,3,2,6,0,0,1,0,0,0,0,"732441,688153912310000","5690611,984093757300000",12.335922769000035,51.31924353100004,1,5,5,5,Südwest
256691,14,7,13,000,2019,03,13,5,3,1,5,0,0,1,0,1,0,0,"732649,199136177080000","5691455,938264949200000",12.339446209000073,51.326734671000054,1,5,5,5,Südwest
256692,14,7,13,000,2019,03,08,5,3,6,6,0,0,1,1,0,0,0,"736028,493019081650000","5695973,642059920400000",12.390857020000055,51.36589466100003,0,9,9,9,Nord
256702,14,7,13,000,2019,03,16,4,3,5,3,0,0,1,0,0,0,0,"738413,366673475130000","5690642,362569320900000",12.421484573000043,51.31704578000006,0,3,3,3,Südost
256712,14,7,13,000,2019,03,16,3,3,1,7,0,1,0,0,0,0,1,"734783,543609085490000","5689848,051072850800000",12.36896734100003,51.31142475300004,0,4,4,4,Süd
256713,14,7,13,000,2019,03,09,3,3,0,7,0,0,0,0,0,1,1,"733814,502425392160000","5694817,896518264000000",12.358349472000043,51.35643564600008,0,0,0,0,Mitte
256714,14,7,13,000,2019,03,12,3,2,6,4,0,0,1,1,0,0,0,"737816,648402601480000","5693777,561257831800000",12.41502971400007,51.34543703200006,0,2,2,2,Ost
256728,14,7,13,000,2019,03,08,2,3,1,2,0,1,0,0,0,1,0,"736733,202453684060000","5692717,089862776900000",12.398796073000028,51.33637026400004,0,3,3,3,Südost
256729,14,7,13,000,2019,03,19,2,3,6,2,2,0,1,1,0,0,0,"733988,203100369310000","5692378,701631521800000",12.359236811000073,51.334468740000034,1,0,0,0,Mitte
256730,14,7,13,000,2019,03,15,2,3,3,2,0,0,1,0,0,0,1,"740846,221459020860000","5694778,370598735300000",12.45912669300003,51.35314457800007,0,2,2,2,Ost
256731,14,7,13,000,2019,03,07,2,3,5,2,0,1,0,0,0,0,1,"735462,008000000380000","5691821,260999999900000",12.379987646000075,51.32885673900006,0,0,0,0,Mitte
256732,14,7,13,000,2019,03,13,2,2,6,2,0,0,1,1,0,0,0,"734993,787677519950000","5693934,986593365700000",12.374673492000056,51.348023942000054,0,0,0,0,Mitte
256733,14,7,13,000,2019,03,15,2,3,6,2,0,1,0,1,0,0,0,"735502,691102306360000","5689743,098853325500000",12.379198053000039,51.31018558900007,0,4,4,4,Süd
256741,14,7,13,000,2019,03,01,1,3,5,3,2,1,1,0,0,0,0,"735497,679888555780000","5692704,397237945300000",12.381082439000068,51.33676928700004,0,0,0,0,Mitte
256746,14,7,13,000,2019,03,23,7,3,5,3,2,1,1,0,0,0,0,"734785,447999999860000","5692625,201000001300000",12.370823629000029,51.33635287300007,0,0,0,0,Mitte
256747,14,7,13,000,2019,03,11,7,3,2,6,0,0,1,0,0,0,0,"732201,128090130170000","5690657,047077581300000",12.33250595000004,51.31974626200008,0,5,5,5,Südwest
256749,14,7,13,000,2019,03,10,7,3,5,3,0,0,1,0,0,0,0,"737654,988457432020000","5690796,846213886500000",12.410724721000065,51.31874963100006,0,3,3,3,Südost
256750,14,7,13,000,2019,03,11,7,3,5,3,0,0,1,0,0,0,0,"735545,064307180230000","5697394,670061331200000",12.384866488000057,51.37885076600003,0,9,9,9,Nord
256759,14,7,13,000,2019,03,13,6,3,3,2,0,0,1,0,0,0,1,"734044,646485365000000","5696726,709290098400000",12.36290512200003,51.37347526100007,0,9,9,9,Nord
256760,14,7,13,000,2019,03,08,6,3,5,3,0,1,1,0,0,0,0,"736327,202450135720000","5693625,973509892800000",12.393581175000065,51.34469743400007,0,0,0,0,Mitte
256761,14,7,13,000,2019,03,07,6,3,5,3,0,1,1,0,0,0,0,"731780,140774845150000","5691739,965490134400000",12.327179079000075,51.32963906400005,0,5,5,5,Südwest
256762,14,7,13,000,2019,03,07,6,3,6,4,0,0,0,1,0,0,1,"737400,208870410920000","5690589,935524832500000",12.406937435000032,51.31699872200005,0,3,3,3,Südost
256764,14,7,13,000,2019,03,14,6,2,5,3,0,1,1,0,0,0,0,"740091,360801733100000","5693924,881326155700000",12.44773056300005,51.34580330400007,0,2,2,2,Ost
256765,14,7,13,000,2019,03,19,6,3,5,3,2,1,1,0,0,0,0,"731709,715680381280000","5693088,584106361500000",12.327047125000036,51.34177405400004,0,7,7,7,Alt-West
256775,14,7,13,000,2019,03,17,5,2,2,2,0,0,1,0,0,0,0,"730536,186410291120000","5691507,922180088200000",12.309204205000071,51.32806151700004,0,7,7,7,Alt-West
256777,14,7,13,000,2019,03,09,5,3,5,3,0,0,1,0,0,0,0,"738236,237870100890000","5690240,389492826500000",12.418678954000029,51.313511848000076,0,3,3,3,Südost
256778,14,7,13,000,2019,03,16,5,3,0,7,0,0,1,0,0,0,0,"737419,137087529530000","5694048,950003746900000",12.409513316000073,51.348039164000056,0,2,2,2,Ost
256779,14,7,13,000,2019,03,17,5,3,1,5,1,1,1,0,0,0,0,"737168,957844011490000","5691974,594440590600000",12.404546179000022,51.32952400200003,0,3,3,3,Südost
256780,14,7,13,000,2019,03,07,5,3,3,6,0,1,1,0,0,0,0,"733733,820096796380000","5693753,671756500400000",12.356493873000034,51.34691580800006,0,0,0,0,Mitte
256789,14,7,13,000,2019,03,12,4,3,1,6,0,0,1,0,0,0,0,"735373,404183516280000","5699741,338437637300000",12.383959509000022,51.39998613500006,0,9,9,9,Nord
256793,14,7,13,000,2019,03,19,1,3,3,3,2,0,1,0,1,0,0,"733441,038470320400000","5693373,168804623200000",12.35204769400002,51.343620497000074,1,0,0,0,Mitte
256795,14,7,13,000,2019,03,18,4,2,5,3,2,1,0,0,0,0,0,"732511,045596185140000","5691337,529563691500000",12.337389527000028,51.32572822800006,0,5,5,5,Südwest
256796,14,7,13,000,2019,03,13,4,3,5,3,0,1,1,0,0,0,0,"729484,358465797270000","5690502,155088784200000",12.293485264000026,51.31945789800005,0,6,6,6,West
256803,14,7,13,000,2019,03,12,6,3,6,4,0,0,1,1,0,0,0,"739195,072000000630000","5688813,149000003900000",12.431455069000037,51.30029897500003,0,3,3,3,Südost
256816,14,7,13,000,2019,03,20,3,3,4,2,2,0,0,0,1,0,1,"734262,736944874750000","5691962,363898247500000",12.362897131000068,51.330618480000055,0,0,0,0,Mitte
256817,14,7,13,000,2019,03,19,3,3,2,6,1,0,1,0,0,0,0,"735042,731687074530000","5695055,347735498100000",12.376114961000042,51.35806044600008,0,0,0,0,Mitte
256818,14,7,13,000,2019,03,09,3,3,3,2,0,1,0,0,0,0,1,"735422,592001713810000","5692977,929642139000000",12.380187184000022,51.33925568900003,0,0,0,0,Mitte
256819,14,7,13,000,2019,03,15,3,2,1,7,0,0,1,0,0,0,0,"736148,455088317390000","5697454,392519168600000",12.393560801000035,51.379136241000026,0,9,9,9,Nord
256837,14,7,13,000,2019,03,06,2,3,4,2,0,1,1,0,0,0,0,"732653,499908708970000","5691452,438925793400000",12.339505546000055,51.32670150000007,0,5,5,5,Südwest
256839,14,7,13,000,2019,03,12,2,3,5,3,0,0,1,0,0,0,0,"728859,574731336910000","5694327,391831450200000",12.286991986000032,51.35404936500004,0,7,7,7,Alt-West
256840,14,7,13,000,2019,03,16,2,3,4,2,0,1,1,0,0,0,0,"742015,791195777240000","5693996,119860645400000",12.47535958900005,51.34562677900004,0,2,2,2,Ost
256841,14,7,13,000,2019,03,20,2,3,3,5,2,0,1,0,0,0,0,"731229,335212264210000","5696582,942755730800000",12.32243287800003,51.37333786900007,0,8,8,8,Nordwest
256842,14,7,13,000,2019,03,05,2,3,4,2,1,0,1,0,0,0,0,"730728,173646584150000","5693725,994146738200000",12.313391868000053,51.347895176000065,0,7,7,7,Alt-West
256843,14,7,13,000,2019,03,09,2,3,5,3,0,0,1,0,0,1,0,"743303,323207195850000","5694340,224175792200000",12.494046953000066,51.348165676000065,0,2,2,2,Ost
256853,14,7,13,000,2019,03,14,1,3,5,3,0,0,1,0,0,0,0,"737695,133000001310000","5692430,487999999900000",12.41238912600005,51.33339650200003,1,2,2,2,Ost
256854,14,7,13,000,2019,03,10,1,2,6,4,0,0,1,1,0,0,0,"737113,645948357880000","5693761,058684721600000",12.40494282800006,51.34558253100005,0,2,2,2,Ost
256858,14,7,13,000,2019,03,17,7,3,1,5,0,1,1,0,0,0,0,"734902,563778581100000","5691919,681714559000000",12.372036809000065,51.32997148900006,0,0,0,0,Mitte
256859,14,7,13,000,2019,03,22,7,3,6,2,2,0,1,1,0,0,0,"737368,461666572840000","5693162,197081029400000",12.408195849000037,51.340100790000065,0,2,2,2,Ost
256868,14,7,13,000,2019,03,18,6,3,5,3,2,1,1,0,0,0,0,"736511,566999999810000","5693464,412000002300000",12.396116289000076,51.34317056900005,1,0,0,0,Mitte
256869,14,7,13,000,2019,03,19,6,3,3,6,2,1,0,0,0,0,1,"736623,607470512390000","5693780,814866621000000",12.397932324000067,51.34596403000006,1,2,2,2,Ost
256870,14,7,13,000,2019,03,03,6,3,9,1,2,0,1,0,0,0,0,"737453,485392795880000","5695346,700811697200000",12.410871529000076,51.359673445000055,1,1,1,1,Nordost
256871,14,7,13,000,2019,03,12,6,3,2,2,0,0,1,0,0,0,0,"742282,748392289500000","5694030,079657390700000",12.479208632000052,51.34581788200006,0,2,2,2,Ost
256876,14,7,13,000,2019,03,15,6,3,5,3,0,0,1,0,0,0,0,"735469,343378826980000","5697586,763482073300000",12.383907678000071,51.380606442000044,1,9,9,9,Nord
256881,14,7,13,000,2019,02,12,5,3,6,4,0,1,0,1,0,0,0,"735170,248057498600000","5693140,612751487600000",12.376678217000062,51.340820403000066,0,0,0,0,Mitte
256882,14,7,13,000,2019,02,13,5,3,5,3,0,1,1,0,0,0,0,"731781,115892815400000","5691740,435590418100000",12.327193357000056,51.329642887000034,0,5,5,5,Südwest
256883,14,7,13,000,2019,02,12,5,3,5,3,0,1,1,0,0,0,0,"730411,968409691940000","5690951,196333080500000",12.307064455000045,51.32311411200004,0,6,6,6,West
256895,14,7,13,000,2019,02,14,4,3,1,2,0,1,1,0,0,0,0,"735014,156640102160000","5691984,958021016800000",12.373678798000071,51.33051134200008,0,0,0,0,Mitte
256897,14,7,13,000,2019,02,18,4,3,3,5,2,1,1,0,0,0,0,"736911,361322989690000","5693046,423542376600000",12.401568110000028,51.339252216000034,0,2,2,2,Ost
256898,14,7,13,000,2019,02,20,4,3,3,2,2,1,1,0,0,0,0,"735172,952102148910000","5693461,304070854600000",12.376928747000022,51.34369792000007,0,0,0,0,Mitte
256899,14,7,13,000,2019,02,14,4,3,5,3,0,1,1,0,0,0,0,"735910,752860018980000","5688684,817444171800000",12.384342755000034,51.30051714500007,0,4,4,4,Süd
256913,14,7,13,000,2019,02,19,3,3,2,6,1,0,1,0,0,0,0,"734189,353426262740000","5692886,356890570400000",12.36245301300005,51.33894291100006,0,0,0,0,Mitte
256914,14,7,13,000,2019,02,16,3,3,5,3,0,0,1,0,0,0,0,"730714,377187587320000","5689549,959322139600000",12.310490618000074,51.31041268400003,0,5,5,5,Südwest
256915,14,7,13,000,2019,02,17,3,3,5,3,0,1,1,0,0,0,0,"737633,277189150450000","5695336,478070043000000",12.41344237800007,51.35950652900004,0,1,1,1,Nordost
256916,14,7,13,000,2019,02,10,3,3,4,2,0,1,1,0,0,0,0,"731230,548655292020000","5696566,155571091900000",12.322439362000068,51.37318668000006,0,8,8,8,Nordwest
256917,14,7,13,000,2019,02,08,3,3,5,3,0,1,1,0,0,0,0,"731773,278661591000000","5690161,136863986000000",12.326054353000075,51.31546897700008,0,5,5,5,Südwest
256918,14,7,13,000,2019,03,08,6,3,2,6,0,0,1,0,0,0,0,"730585,272280242290000","5689654,656369814600000",12.30870909500004,51.311404863000064,0,5,5,5,Südwest
256926,14,7,13,000,2019,02,12,2,3,2,2,0,0,1,0,0,0,1,"732199,019534640010000","5691056,019568385600000",12.33273557700005,51.32332861100008,0,5,5,5,Südwest
256927,14,7,13,000,2019,02,08,2,3,3,5,0,1,0,0,0,0,1,"734353,739384498450000","5693240,636749515300000",12.365041992000045,51.34205536600007,0,0,0,0,Mitte
256933,14,7,13,000,2019,02,14,1,3,5,3,0,0,1,0,0,0,0,"737581,852015478540000","5692041,348773904100000",12.410506490000046,51.32995090000003,0,3,3,3,Südost
256934,14,7,13,000,2019,02,07,1,3,5,3,0,0,1,0,0,0,0,"734977,558000001130000","5696036,124000001700000",12.375828458000058,51.36689116400004,0,9,9,9,Nord
256939,14,7,13,000,2019,02,19,7,3,2,2,1,0,1,0,0,0,0,"734792,835695843210000","5692636,196915295000000",12.370936745000051,51.33644852700007,0,0,0,0,Mitte
256940,14,7,13,000,2019,02,04,7,3,5,3,2,0,1,0,0,0,0,"735404,526797664350000","5691393,016895700200000",12.378881230000047,51.32503646100008,0,0,0,0,Mitte
256941,14,7,13,000,2019,02,18,7,3,5,3,2,1,1,0,0,0,0,"738334,352440811690000","5690886,152902869500000",12.420515734000048,51.31926713100006,0,3,3,3,Südost
256942,14,7,13,000,2019,02,12,7,3,2,2,0,0,1,0,0,0,0,"732980,008471035400000","5694174,604682847900000",12.345964232000028,51.351003786000035,0,0,0,0,Mitte
256948,14,7,13,000,2019,02,13,6,3,3,5,0,0,1,0,0,0,0,"736921,855897686440000","5693177,729693237700000",12.401805850000073,51.34042646300003,0,2,2,2,Ost
256949,14,7,13,000,2019,02,16,6,3,5,3,1,0,1,0,0,0,0,"727384,081472794530000","5690250,812399424600000",12.263235216000055,51.31804462500003,1,6,6,6,West
256950,14,7,13,000,2019,02,22,6,3,5,3,2,1,1,0,0,0,0,"729177,531295284630000","5699224,553285433000000",12.294708244000049,51.39788333600006,0,8,8,8,Nordwest
256951,14,7,13,000,2019,02,12,6,3,5,3,0,1,1,0,0,0,0,"740547,866592226550000","5691719,218301519800000",12.452783977000024,51.325813115000074,0,2,2,2,Ost
256957,14,7,13,000,2019,04,12,7,3,5,3,0,0,1,0,0,0,0,"731779,731336474420000","5691739,768101614000000",12.327173083000048,51.329637459000026,0,5,5,5,Südwest
256958,14,7,13,000,2019,04,18,7,3,5,2,0,1,1,0,0,0,0,"738333,784775764680000","5690886,019385118000000",12.420507513000075,51.31926617000005,0,3,3,3,Südost
256973,14,7,13,000,2019,04,15,6,2,1,3,0,0,1,0,1,0,0,"731971,234302517030000","5688708,536115327800000",12.327945563000071,51.302348564000056,0,5,5,5,Südwest
256974,14,7,13,000,2019,04,21,6,3,1,5,2,1,1,0,0,0,0,"735391,628082457000000","5691162,869140621300000",12.37854446800003,51.32297591000008,0,4,4,4,Süd
256975,14,7,13,000,2019,04,15,6,3,3,7,0,1,1,0,0,0,0,"736315,500889106650000","5692770,099640095600000",12.392845564000027,51.337019808000036,0,0,0,0,Mitte