OBJECTID,ULAND,UREGBEZ,UKREIS,UGEMEINDE,UJAHR,UMONAT,USTUNDE,UWOCHENTAG,UKATEGORIE,UART,UTYP1,ULICHTVERH,IstRad,IstPKW,IstFuss,IstKrad,IstGkfz,IstSonstige,LINREFX,LINREFY,XGCSWGS84,YGCSWGS84,STRZUSTAND,index_right,FID,SBZ,Name
256976,14,7,13,000,2019,04,15,6,3,2,6,0,0,1,0,0,0,0,"735260,715969487090000","5695212,049740189700000",12.379343825000035,51.35937684900006,0,0,0,0,Mitte
256977,14,7,13,000,2019,04,15,6,3,5,2,0,0,1,0,0,0,1,"733670,236800929530000","5694712,255949135900000",12.356211787000063,51.35554669800007,0,0,0,0,Mitte
256990,14,7,13,000,2019,04,07,5,3,8,1,0,0,0,0,1,0,0,"740825,986012140290000","5686673,634410047900000",12.453363937000063,51.28040796000005,0,3,3,3,Südost
256991,14,7,13,000,2019,04,06,5,3,4,2,0,1,1,0,0,0,0,"732894,069707574320000","5690896,677617337600000",12.342589296000028,51.321614175000036,0,5,5,5,Südwest
256992,14,7,13,000,2019,04,18,5,3,6,4,0,0,1,1,0,0,0,"735301,125287337230000","5692029,654168235100000",12.377820127000064,51.33079391800004,0,0,0,0,Mitte
256993,14,7,13,000,2019,04,16,5,3,2,6,0,0,1,0,0,0,0,"734416,820910937150000","5698482,068905584500000",12.36940091300005,51.38907851000005,0,9,9,9,Nord
257007,14,7,13,000,2019,04,09,4,3,5,3,0,0,1,0,0,0,0,"735607,236999999730000","5694415,405000001200000",12.383784560000038,51.35208239500008,0,0,0,0,Mitte
257008,14,7,13,000,2019,04,14,4,3,3,6,0,0,0,0,1,0,1,"731829,267806125800000","5691397,492898076800000",12.327660249000076,51.32654473200006,0,5,5,5,Südwest
257009,14,7,13,000,2019,04,17,4,3,6,4,0,0,0,1,0,0,1,"734130,314095211220000","5696542,815908871600000",12.364012659000025,51.37178925000006,0,9,9,9,Nord
257010,14,7,13,000,2019,04,09,4,3,5,2,0,1,1,0,0,0,0,"736222,333736475560000","5692526,186467113000000",12.391348720000053,51.33486909700008,0,0,0,0,Mitte
257011,14,7,13,000,2019,04,14,4,3,0,7,0,0,1,0,0,0,1,"737084,273758434690000","5692961,417405294300000",12.403989500000023,51.33841713000004,0,3,3,3,Südost
257021,14,7,13,000,2019,04,07,3,3,0,7,0,0,1,1,0,0,0,"735312,024086283520000","5689764,487552229300000",12.37648140400006,51.310456431000034,0,4,4,4,Süd
257022,14,7,13,000,2019,04,20,3,2,6,4,2,1,0,1,0,0,0,"729412,848367926660000","5694859,966045614300000",12.295267645000024,51.35860726300007,0,7,7,7,Alt-West
257023,14,7,13,000,2019,04,15,3,3,2,6,0,0,1,0,0,0,0,"739739,768865242600000","5692651,114184880600000",12.44183408300006,51.33451867600007,0,2,2,2,Ost
257043,14,7,13,000,2019,04,07,2,3,5,3,0,0,1,0,0,0,0,"738927,468687073330000","5695113,129366474200000",12.431846872000051,51.35695912300008,0,1,1,1,Nordost
257044,14,7,13,000,2019,04,05,2,2,5,3,1,1,1,0,0,0,0,"736013,440966014750000","5697119,940840264800000",12.391402134000032,51.37619028300003,0,9,9,9,Nord
257064,14,7,13,000,2019,03,13,7,2,6,4,0,1,0,1,0,0,0,"735413,998888805510000","5692992,696797579500000",12.380073796000033,51.33939180100003,0,0,0,0,Mitte
257065,14,7,13,000,2019,03,11,7,3,6,4,0,0,0,1,1,0,0,"734556,656857370400000","5691371,307274987900000",12.366719629000045,51.325191765000056,0,4,4,4,Süd
257066,14,7,13,000,2019,03,10,7,3,4,2,0,0,1,0,0,0,0,"730842,931442682630000","5693893,513840513300000",12.315145527000027,51.34935239500004,0,7,7,7,Alt-West
257067,14,7,13,000,2019,03,12,7,3,1,5,0,1,1,0,0,0,0,"735180,013522277590000","5689029,487230172400000",12.374106303000076,51.303913314000056,0,4,4,4,Süd
257068,14,7,13,000,2019,03,21,7,2,0,1,2,1,0,0,0,0,0,"735074,718324730170000","5689661,779810529200000",12.373014979000061,51.309632530000044,0,4,4,4,Süd
257069,14,7,13,000,2019,03,18,7,3,5,3,0,1,1,0,0,0,0,"737517,007000000220000","5694934,335000002800000",12.411506966000047,51.35594550400003,0,1,1,1,Nordost
257070,14,7,13,000,2019,03,18,7,3,6,7,0,0,1,1,0,0,0,"733788,911746375260000","5692916,677932638700000",12.356734040000049,51.339379859000076,0,0,0,0,Mitte
257071,14,7,13,000,2019,03,09,7,3,2,6,0,0,1,0,0,0,0,"741869,235418932510000","5694488,951493760600000",12.47359401400007,51.35011252000004,0,2,2,2,Ost
257084,14,7,13,000,2019,03,17,6,3,2,6,0,0,1,0,0,0,0,"728819,918105095620000","5690675,902790542700000",12.284077770000067,51.32128523700004,0,6,6,6,West
257085,14,7,13,000,2019,03,05,6,3,5,3,1,0,1,0,0,0,0,"729778,052664203570000","5691144,387215916100000",12.298106696000048,51.32510476200008,1,6,6,6,West
257086,14,7,13,000,2019,03,07,6,3,6,4,0,0,1,1,0,0,0,"730173,102411281320000","5694126,581786569200000",12.30569401300005,51.35171626200008,0,7,7,7,Alt-West
257087,14,7,13,000,2019,03,16,6,3,5,3,0,0,1,0,0,0,1,"740846,584693728950000","5694779,715347483800000",12.459132809000039,51.353156494000075,0,2,2,2,Ost
257088,14,7,13,000,2019,03,15,6,3,2,6,0,0,1,0,0,0,1,"730668,654113199560000","5692291,337834885300000",12.311609426000075,51.335040510000056,0,7,7,7,Alt-West
257089,14,7,13,000,2019,03,13,6,2,6,4,0,0,1,1,0,0,0,"734589,061277683820000","5692631,179594779400000",12.368013266000048,51.33648758100003,0,0,0,0,Mitte
257096,14,7,13,000,2019,03,16,5,3,3,6,0,1,1,0,0,0,0,"732911,142482888880000","5690968,378515791100000",12.342880724000054,51.32225082400004,1,5,5,5,Südwest
257097,14,7,13,000,2019,03,10,5,3,9,1,0,1,0,0,0,0,0,"730974,373999999840000","5686857,432000001900000",12.312472633000027,51.286136449000026,1,5,5,5,Südwest
257098,14,7,13,000,2019,03,15,5,3,3,6,0,1,1,0,0,0,0,"735009,850981613620000","5691735,694185433900000",12.373452732000032,51.328275631000054,0,0,0,0,Mitte
257116,14,7,13,000,2019,03,22,4,2,5,3,2,1,1,0,0,0,0,"737298,214000000620000","5695376,857000000800000",12.408665506000034,51.36000898900005,1,1,1,1,Nordost
257117,14,7,13,000,2019,03,14,4,3,4,2,0,0,1,0,0,0,0,"738794,709423532710000","5696080,046995420000000",12.430592713000067,51.36569379500003,0,1,1,1,Nordost
257125,14,7,13,000,2019,03,17,3,3,6,2,1,0,1,1,0,0,0,"738462,556683718230000","5690300,179491706200000",12.421960375000026,51.31395374900006,1,3,3,3,Südost
257126,14,7,13,000,2019,03,09,3,3,5,3,0,0,1,0,0,0,1,"735442,608817838130000","5693208,641177687800000",12.380626562000032,51.34131834100003,0,0,0,0,Mitte
257127,14,7,13,000,2019,03,10,3,3,6,7,0,0,0,1,0,0,1,"737419,485781026070000","5696919,475473370400000",12.411434088000021,51.37380485800003,0,1,1,1,Nordost
257137,14,7,13,000,2019,03,08,2,3,5,3,0,0,1,0,0,0,0,"735016,068391857670000","5695331,408228786700000",12.37591504900007,51.36054948200007,1,9,9,9,Nord
257139,14,7,13,000,2019,03,16,2,2,6,4,0,1,0,1,0,0,0,"734944,384077125230000","5695271,042644046200000",12.37484738300003,51.36003726400003,1,9,9,9,Nord
257151,14,7,13,000,2019,03,19,1,3,5,3,2,1,1,0,0,0,0,"739511,641000000760000","5688482,386000003700000",12.435765863000029,51.29719703400008,0,3,3,3,Südost
257155,14,7,13,000,2019,03,12,7,3,5,3,0,0,1,0,0,0,0,"727242,078062985090000","5693206,339013548600000",12.263085656000044,51.34463430100004,0,7,7,7,Alt-West
257156,14,7,13,000,2019,03,12,7,3,6,2,0,1,0,1,0,0,0,"735057,787764834240000","5690908,937884582200000",12.373594413000035,51.32083453300004,0,4,4,4,Süd
257168,14,7,13,000,2019,03,12,6,3,5,2,0,1,1,0,0,0,0,"737280,544488063080000","5693755,895219193800000",12.40733149500005,51.34546655300005,0,2,2,2,Ost
257169,14,7,13,000,2019,03,11,6,3,5,2,0,1,1,0,0,0,0,"734282,079420968890000","5693503,254051631300000",12.364187724000033,51.34444227100005,0,0,0,0,Mitte
257170,14,7,13,000,2019,03,14,6,3,4,2,0,1,1,0,0,0,0,"736337,927293884570000","5692058,277815595300000",12.392694772000027,51.33062102900004,0,0,0,0,Mitte
257171,14,7,13,000,2019,03,03,6,3,1,1,2,1,1,0,0,0,0,"732610,203748628500000","5691487,492287304300000",12.338908082000046,51.32703386800006,0,5,5,5,Südwest
257172,14,7,13,000,2019,03,11,6,2,8,1,0,0,0,0,1,0,0,"730773,563033546320000","5690186,029643081100000",12.311749854000027,51.31609868700008,0,5,5,5,Südwest
257173,14,7,13,000,2019,03,08,6,3,2,2,0,1,1,0,0,0,0,"735047,703831432390000","5691280,491207391000000",12.37369491100003,51.32417391100006,0,4,4,4,Süd
257174,14,7,13,000,2019,03,15,6,2,6,4,0,0,1,1,0,0,0,"731632,586970997040000","5691434,787218118100000",12.324866447000034,51.32695963000003,0,5,5,5,Südwest
257185,14,7,13,000,2019,03,11,5,3,5,3,0,1,0,0,0,0,0,"734842,103012096140000","5693292,009045824400000",12.372075166000059,51.342315013000075,0,0,0,0,Mitte
257186,14,7,13,000,2019,03,09,5,3,2,6,0,0,1,0,0,0,0,"734567,877905013970000","5695431,306933281900000",12.369554805000064,51.361631404000036,0,9,9,9,Nord
257187,14,7,13,000,2019,03,22,5,3,6,7,2,0,1,1,0,0,0,"734117,115262529810000","5697507,531451815700000",12.364458822000074,51.38045437100004,0,9,9,9,Nord
257188,14,7,13,000,2019,03,09,5,3,1,5,0,1,1,0,0,0,0,"735107,665514225140000","5689450,408573864000000",12.373347572000057,51.307721565000065,0,4,4,4,Süd
257189,14,7,13,000,2019,03,14,5,2,5,3,0,0,1,0,0,0,0,"728046,730622319500000","5689300,481111628900000",12.272120830000063,51.30924802100003,0,6,6,6,West
257190,14,7,13,000,2019,03,15,5,3,2,6,0,0,1,0,0,0,0,"736808,097397512760000","5695945,192206995600000",12.402016942000046,51.365314872000056,0,1,1,1,Nordost
257210,14,7,13,000,2019,03,08,4,3,3,2,0,1,1,0,0,0,0,"737266,568922615610000","5694404,950474958900000",12.40756377300005,51.35129833700006,0,1,1,1,Nordost
257211,14,7,13,000,2019,03,16,4,3,5,3,0,1,1,0,0,0,0,"740591,370332653630000","5700200,407088203400000",12.459144027000036,51.401918187000035,0,1,1,1,Nordost
257212,14,7,13,000,2019,03,16,4,3,1,7,0,0,1,0,0,0,1,"737050,028517480940000","5697540,112615166200000",12.406549454000071,51.379530026000054,0,1,1,1,Nordost
257220,14,7,13,000,2019,03,05,3,2,6,4,1,0,1,1,0,0,0,"735771,496136986650000","5692887,425257632500000",12.385127448000048,51.33829874600008,0,0,0,0,Mitte
257221,14,7,13,000,2019,03,07,3,3,5,3,0,1,1,0,0,0,0,"739500,846129898910000","5693913,834828725100000",12.439259719000063,51.34595321900008,0,2,2,2,Ost
257228,14,7,13,000,2019,04,15,7,3,5,3,0,1,1,0,0,0,0,"734819,275000000370000","5694103,108000000900000",12.37228293000004,51.34960517400003,0,0,0,0,Mitte
257230,14,7,13,000,2019,04,14,7,3,4,2,0,0,1,0,0,0,0,"735391,201346548270000","5691182,764938484900000",12.378551491000053,51.32315467800004,0,4,4,4,Süd
257233,14,7,13,000,2019,04,13,7,3,8,1,0,0,0,0,0,0,1,"732142,829271402210000","5692749,924499668200000",12.333034043000055,51.33855733000007,0,7,7,7,Alt-West
257235,14,7,13,000,2019,04,00,7,3,0,1,2,1,0,0,0,0,0,"732391,113382557410000","5691543,369041530400000",12.335805396000069,51.32762499800003,0,5,5,5,Südwest
257236,14,7,13,000,2019,03,17,2,3,6,4,0,0,1,1,0,0,0,"731318,092000001110000","5693989,726000001700000",12.322019548000071,51.350022918000036,0,7,7,7,Alt-West
257237,14,7,13,000,2019,03,15,2,3,5,3,0,0,1,0,0,0,0,"734797,472319568510000","5696052,637326717400000",12.373256960000049,51.367113851000056,1,9,9,9,Nord
257238,14,7,13,000,2019,03,13,2,3,5,3,0,1,1,0,0,0,0,"738637,132016505110000","5693596,516231820000000",12.426667881000071,51.34346820300004,0,2,2,2,Ost
257239,14,7,13,000,2019,03,06,2,3,6,4,0,0,1,1,0,0,0,"733154,723240726630000","5695968,304199280200000",12.349644305000027,51.36703342200008,0,8,8,8,Nordwest
257240,14,7,13,000,2019,03,16,2,3,5,3,0,0,1,0,0,0,0,"731717,124497623180000","5692790,568725572900000",12.326959421000026,51.33909580900007,0,7,7,7,Alt-West
257241,14,7,13,000,2019,03,14,2,3,5,1,0,0,1,0,1,0,0,"735014,320568304510000","5692125,816673414800000",12.373774044000072,51.33177567700005,1,0,0,0,Mitte
257242,14,7,13,000,2019,03,16,2,2,6,7,0,0,1,1,0,0,0,"732701,977077399380000","5691908,346939850600000",12.340497796000022,51.33077422200006,0,5,5,5,Südwest
257257,14,7,13,000,2019,04,16,4,3,2,6,0,1,1,0,0,0,0,"732718,888000001200000","5698140,691000001500000",12.344816759000025,51.386712756000065,0,8,8,8,Nordwest
257258,14,7,13,000,2019,04,14,4,2,0,4,0,0,0,1,0,0,1,"735085,422759591600000","5689906,194991754400000",12.373329342000034,51.31182208400003,0,4,4,4,Süd
257259,14,7,13,000,2019,04,11,4,2,4,2,0,1,1,0,0,0,0,"734931,558395991100000","5693015,155450845100000",12.37317463100004,51.33979291600008,0,0,0,0,Mitte
257260,14,7,13,000,2019,04,08,4,3,5,3,0,1,1,0,0,0,0,"735306,897742971780000","5693345,282795446000000",12.378771864000043,51.34260105700008,0,0,0,0,Mitte
257273,14,7,13,000,2019,04,16,3,2,1,5,0,1,1,0,0,0,0,"738472,042274811310000","5693618,364282762600000",12.424316483000041,51.343733574000055,0,2,2,2,Ost
257274,14,7,13,000,2019,04,08,3,3,0,2,0,0,1,0,0,0,1,"737503,837999998590000","5697069,891000002600000",12.412744320000058,51.37511971400005,0,1,1,1,Nordost
257285,14,7,13,000,2019,04,13,2,3,2,6,0,0,1,0,1,0,0,"730701,341667469590000","5689560,491858730100000",12.310310719000029,51.31051251800005,0,5,5,5,Südwest
257286,14,7,13,000,2019,04,19,2,2,0,1,0,1,0,0,0,0,0,"738030,411560998300000","5691370,227885257500000",12.416485145000024,51.323739405000026,0,3,3,3,Südost
257287,14,7,13,000,2019,04,03,2,2,5,3,2,1,1,0,0,0,0,"736559,552278947090000","5688561,383335730100000",12.393551051000031,51.29914001600008,0,4,4,4,Süd
257294,14,7,13,000,2019,04,14,1,3,2,6,0,0,1,0,0,0,0,"738081,851999999960000","5690024,618999999000000",12.416323748000025,51.311639686000035,0,3,3,3,Südost
257295,14,7,13,000,2019,04,04,1,2,5,3,2,0,1,0,0,0,1,"735900,259634050540000","5694577,220368234400000",12.388092302000075,51.35341335100003,0,9,9,9,Nord
257296,14,7,13,000,2019,04,17,1,3,3,5,0,1,1,0,0,0,0,"732343,336457569150000","5690690,070145387200000",12.334564706000037,51.31998465600003,0,5,5,5,Südwest
257300,14,7,13,000,2019,04,13,7,3,2,6,0,0,1,0,0,0,0,"737091,193731828590000","5693761,981947086800000",12.404621641000062,51.345600182000055,0,2,2,2,Ost
257306,14,7,13,000,2019,04,01,7,3,1,1,2,1,1,0,0,0,0,"737407,884554688820000","5693832,542658826300000",12.409207722000076,51.346101383000075,0,2,2,2,Ost
257307,14,7,13,000,2019,04,11,7,3,5,3,0,1,1,0,0,0,0,"733008,533000000750000","5690594,785000000100000",12.344031837000045,51.31885732200004,0,5,5,5,Südwest
257308,14,7,13,000,2019,04,17,7,3,3,2,0,1,1,0,0,0,0,"731946,516150735320000","5690587,374840932000000",12.328813112000034,51.319224665000036,0,5,5,5,Südwest
257309,14,7,13,000,2019,04,13,7,3,5,2,0,0,1,0,0,0,0,"731747,468577334660000","5692616,267671411900000",12.327280905000066,51.33751877700007,0,7,7,7,Alt-West
257310,14,7,13,000,2019,04,14,7,3,2,6,0,0,1,0,0,0,0,"735547,795807973480000","5692912,456895101800000",12.381938197000068,51.33861613900007,0,0,0,0,Mitte
257318,14,7,13,000,2019,04,11,6,3,5,3,0,1,1,0,0,0,0,"734644,666096581150000","5691484,884149417300000",12.368055295000033,51.32617499300005,0,0,0,0,Mitte
257319,14,7,13,000,2019,04,11,6,3,5,3,0,1,1,0,0,0,0,"736294,469982629640000","5687466,132998593200000",12.389030750000074,51.28941877400007,0,4,4,4,Süd
257329,14,7,13,000,2019,04,16,5,3,5,3,0,1,1,0,0,0,0,"736522,582248241640000","5693234,928253004300000",12.396121748000041,51.34110610300007,0,2,2,2,Ost
257330,14,7,13,000,2019,04,18,5,3,6,4,0,1,0,1,0,0,0,"735291,550000000750000","5693460,250000001900000",12.378627860000051,51.34363939100007,0,0,0,0,Mitte
257331,14,7,13,000,2019,04,14,5,3,5,2,0,1,1,0,0,0,0,"730065,678187789400000","5690055,007847897700000",12.301524862000065,51.31520909800008,0,6,6,6,West
257332,14,7,13,000,2019,04,13,5,3,1,6,0,0,1,0,0,0,0,"729767,915247032420000","5691142,925890032200000",12.297960506000038,51.32509573700003,0,6,6,6,West
257333,14,7,13,000,2019,04,00,5,2,0,1,2,1,0,0,0,0,0,"745161,272432657890000","5690111,877577582400000",12.517766375000065,51.30941800800008,0,2,2,2,Ost
257335,14,7,13,000,2019,04,07,5,3,5,3,0,1,1,0,0,0,0,"734719,787956222890000","5695487,930043822200000",12.371770291000075,51.362076941000055,0,9,9,9,Nord
257337,14,7,13,000,2019,04,07,5,2,5,3,0,1,1,0,0,0,0,"737903,554999999700000","5690206,331000000200000",12.413891358000058,51.31334528600007,0,3,3,3,Südost
257338,14,7,13,000,2019,04,16,5,3,2,6,0,0,1,0,1,0,0,"735143,991213750090000","5693722,930627074100000",12.376686440000071,51.34605834700005,0,0,0,0,Mitte
257352,14,7,13,000,2019,04,17,4,3,4,2,0,1,1,0,0,0,0,"731822,574064497840000","5692969,062592575300000",12.328586887000029,51.34065513300004,0,7,7,7,Alt-West
257353,14,7,13,000,2019,04,07,4,3,0,7,0,1,0,1,0,0,0,"729865,663854831830000","5693764,151289293500000",12.301052474000073,51.348587130000055,0,7,7,7,Alt-West
257354,14,7,13,000,2019,04,15,4,3,4,2,0,1,1,0,0,0,0,"738015,562056686730000","5692042,330790590500000",12.416721215000052,51.32977841100006,0,2,2,2,Ost
257366,14,7,13,000,2019,04,07,3,3,1,7,0,0,1,0,0,0,0,"735210,713035443800000","5690346,016278712100000",12.375413851000076,51.31571833700008,0,4,4,4,Süd
257367,14,7,13,000,2019,04,07,3,3,4,2,0,1,1,0,0,0,0,"732536,362255312500000","5696112,542113771700000",12.340871114000038,51.36858164300003,0,8,8,8,Nordwest
257386,14,7,13,000,2019,04,09,2,3,2,6,0,0,1,0,0,0,0,"731180,550569140350000","5690686,341454325200000",12.317904230000067,51.32042477200008,0,7,7,7,Alt-West
257387,14,7,13,000,2019,04,09,2,3,1,6,0,0,1,0,0,0,0,"738793,699327309620000","5696057,401399469000000",12.430563025000026,51.36549095700008,0,1,1,1,Nordost
257406,14,7,13,000,2019,04,13,1,3,2,2,0,0,1,0,0,0,0,"735253,413424377330000","5692284,837841687700000",12.37730496000006,51.33310427200007,1,0,0,0,Mitte
257408,14,7,13,000,2019,04,01,1,3,9,1,2,0,1,0,0,0,0,"741836,806244952600000","5695455,562620766500000",12.473786061000055,51.35880205500007,0,2,2,2,Ost
257415,14,7,13,000,2019,04,19,7,3,5,2,1,1,1,0,0,0,0,"735710,066880304370000","5690677,075775746300000",12.382785291000062,51.31848344700006,0,4,4,4,Süd
257416,14,7,13,000,2019,04,12,7,3,3,5,0,1,1,0,0,0,0,"735332,298500038680000","5692208,089935677100000",12.378384635000032,51.33238272300008,0,0,0,0,Mitte
257421,14,7,13,000,2019,04,16,6,3,3,5,0,1,1,0,0,0,0,"736598,541288039650000","5693781,591444619000000",12.397573568000041,51.34598143300008,0,2,2,2,Ost
257422,14,7,13,000,2019,04,23,1,3,5,3,2,1,1,0,0,0,0,"732575,646732704710000","5692083,489424426100000",12.338801911000076,51.33239809200006,0,7,7,7,Alt-West
257423,14,7,13,000,2019,04,15,6,3,6,4,0,0,1,1,0,0,0,"737814,313392068260000","5695012,596804609500000",12.415821401000073,51.35652365100003,0,1,1,1,Nordost
257424,14,7,13,000,2019,04,19,6,2,0,7,0,1,0,0,0,0,0,"734405,030817111950000","5692653,943275498200000",12.365391001000035,51.33676779900003,0,0,0,0,Mitte
257443,14,7,13,000,2019,04,09,5,3,5,2,0,0,1,0,0,0,1,"735613,831999999470000","5696904,995999999300000",12.385528236000027,51.37442682100004,0,9,9,9,Nord
257444,14,7,13,000,2019,04,15,5,3,3,2,0,1,1,0,0,0,0,"739919,072473042640000","5693929,663197390700000",12.445264516000066,51.34591895500006,0,2,2,2,Ost
257445,14,7,13,000,2019,04,15,5,3,5,2,0,1,1,0,0,0,0,"731970,983334204180000","5688709,219257785000000",12.327942413000073,51.30235479900006,0,5,5,5,Südwest
257446,14,7,13,000,2019,04,15,5,3,3,2,0,1,1,0,0,0,0,"735073,672530851330000","5690349,455313142400000",12.373453164000068,51.31580582700008,0,4,4,4,Süd
257454,14,7,13,000,2019,04,13,4,3,0,2,0,0,1,0,0,0,1,"734642,648953308350000","5695399,996336266400000",12.37060623900004,51.36131947600006,0,9,9,9,Nord
257455,14,7,13,000,2019,04,07,4,3,5,3,0,1,1,0,0,0,0,"731020,343939209360000","5693986,744796436300000",12.317749278000065,51.350117244000046,0,7,7,7,Alt-West
257463,14,7,13,000,2019,04,22,3,3,5,2,2,1,0,0,0,0,1,"742281,977991578170000","5694025,452640304300000",12.47919444200005,51.345776681000075,0,2,2,2,Ost
257464,14,7,13,000,2019,04,12,3,3,5,3,0,0,1,0,0,0,0,"735088,220139982180000","5689716,802097247900000",12.37324460700006,51.31012085700007,0,4,4,4,Süd
257465,14,7,13,000,2019,04,09,3,3,6,7,0,0,1,1,0,0,0,"731394,464806293140000","5696716,022080717600000",12.324887893000039,51.37446524000006,0,8,8,8,Nordwest
257466,14,7,13,000,2019,04,17,3,3,6,4,0,0,0,1,0,0,1,"737396,871949618680000","5692734,625622514600000",12.408318037000072,51.33625102600007,0,3,3,3,Südost
257467,14,7,13,000,2019,04,20,3,3,5,3,2,1,1,0,0,0,0,"736343,026208559050000","5692762,842906028000000",12.393235194000056,51.33694323200007,0,0,0,0,Mitte
257480,14,7,13,000,2019,04,13,2,2,0,1,0,1,0,0,0,0,0,"737777,669113767330000","5693738,579852022200000",12.414445010000065,51.34510343800008,0,2,2,2,Ost
257481,14,7,13,000,2019,04,16,2,3,1,7,0,1,1,0,0,0,0,"735296,201251338240000","5691734,225915771000000",12.377554520000047,51.328144086000066,0,0,0,0,Mitte
257482,14,7,13,000,2019,04,16,2,3,3,6,0,1,1,0,0,0,0,"735042,973538360560000","5690994,257869735400000",12.373438436000072,51.321606519000056,0,4,4,4,Süd
257483,14,7,13,000,2019,04,09,2,3,4,6,0,1,0,0,0,0,0,"735961,056213811970000","5691630,443053245500000",12.38701158400005,51.326937126000075,0,0,0,0,Mitte
257484,14,7,13,000,2019,04,15,2,3,2,6,0,0,1,0,0,0,0,"732394,309556886550000","5691551,861215487100000",12.335856728000067,51.32769992500005,0,5,5,5,Südwest
257485,14,7,13,000,2019,04,11,2,3,5,3,0,0,1,0,0,0,0,"735717,544769211670000","5690576,924358040100000",12.382826210000076,51.31758135800004,0,4,4,4,Süd
257504,14,7,13,000,2019,05,17,2,3,0,7,0,1,0,0,0,0,0,"735371,519369156100000","5693272,924306446700000",12.379650209000033,51.34192479700005,0,0,0,0,Mitte
257506,14,7,13,000,2019,05,05,2,3,6,2,2,0,1,1,0,0,0,"736338,787647370250000","5692761,745721258200000",12.393173727000033,51.33693514500004,0,0,0,0,Mitte
257507,14,7,13,000,2019,05,15,2,3,1,5,0,1,1,0,0,0,0,"734552,921758149750000","5695589,287199093000000",12.369444532000045,51.36305566900006,0,9,9,9,Nord
257508,14,7,13,000,2019,05,17,2,2,4,6,0,1,1,0,0,0,0,"735371,463621879000000","5693272,526153784200000",12.379649146000077,51.34192124600003,0,0,0,0,Mitte
257510,14,7,13,000,2019,05,09,2,3,5,3,0,0,1,0,0,0,0,"736047,126355523240000","5688179,951340898900000",12.385961691000034,51.29592879000006,0,4,4,4,Süd
257523,14,7,13,000,2019,05,03,1,3,8,1,2,0,1,0,0,0,0,"732699,369153805080000","5690518,261204993400000",12.33955301900005,51.31829689400007,1,5,5,5,Südwest
257525,14,7,13,000,2019,05,07,1,3,5,3,0,0,1,0,0,0,0,"734912,544808190320000","5690879,609838662700000",12.371494411000072,51.320631251000066,1,4,4,4,Süd
257529,14,7,13,000,2019,05,15,7,3,8,1,0,0,1,0,0,0,0,"730892,456000000240000","5689399,255000000800000",12.312943736000022,51.30898761000003,1,5,5,5,Südwest
257530,14,7,13,000,2019,05,12,7,2,6,4,0,0,0,1,0,0,1,"743045,447434732690000","5692901,066143559300000",12.489368870000021,51.33535913600008,1,2,2,2,Ost
257531,14,7,13,000,2019,05,19,7,3,5,3,0,1,1,0,0,0,0,"735413,361069914880000","5693008,348240895200000",12.380075000000033,51.33953255800003,1,0,0,0,Mitte
257537,14,7,13,000,2019,05,17,6,3,5,2,0,1,1,0,0,0,0,"736340,828534634780000","5692763,179589457800000",12.393203924000034,51.33694716800005,0,0,0,0,Mitte
257538,14,7,13,000,2019,05,19,6,3,3,6,0,1,1,0,0,0,0,"731963,873241958210000","5690712,691978594300000",12.329143286000033,51.32034253900008,0,5,5,5,Südwest
257539,14,7,13,000,2019,05,11,6,2,0,1,0,1,0,0,0,0,0,"733716,595105059440000","5692755,744587328300000",12.35559203500003,51.33796496100007,0,0,0,0,Mitte
257540,14,7,13,000,2019,05,14,6,3,4,7,0,0,1,0,0,0,0,"737042,871258572680000","5696245,687556618800000",12.405583636000074,51.36791422400006,0,1,1,1,Nordost
257559,14,7,13,000,2019,05,08,5,3,5,3,0,1,1,0,0,0,0,"735314,257865600290000","5692454,461243793400000",12.378288844000053,51.334601701000054,0,0,0,0,Mitte
257560,14,7,13,000,2019,05,11,5,3,1,7,0,0,0,0,1,0,1,"736732,366836274970000","5688853,859183829300000",12.39621943700007,51.30169353300005,0,4,4,4,Süd