OBJECTID,ULAND,UREGBEZ,UKREIS,UGEMEINDE,UJAHR,UMONAT,USTUNDE,UWOCHENTAG,UKATEGORIE,UART,UTYP1,ULICHTVERH,IstRad,IstPKW,IstFuss,IstKrad,IstGkfz,IstSonstige,LINREFX,LINREFY,XGCSWGS84,YGCSWGS84,STRZUSTAND,index_right,FID,SBZ,Name
257561,14,7,13,000,2019,05,07,5,3,6,4,0,0,1,1,0,0,0,"731225,837999999520000","5697645,559000002200000",12.323074102000021,51.38287816900004,0,8,8,8,Nordwest
257572,14,7,13,000,2019,05,14,4,3,5,3,0,1,1,0,0,0,0,"735137,363210344690000","5693716,778553683300000",12.376587376000032,51.34600586500005,0,0,0,0,Mitte
257573,14,7,13,000,2019,05,07,4,3,5,2,0,1,1,0,0,0,0,"734795,878742428500000","5692483,675105590400000",12.370879830000035,51.335078173000056,0,0,0,0,Mitte
257574,14,7,13,000,2019,05,17,4,3,6,7,0,0,1,1,0,0,0,"735119,949063912030000","5696220,315087599700000",12.377992103000054,51.36848560300007,1,9,9,9,Nord
257575,14,7,13,000,2019,05,18,4,3,5,3,0,1,1,0,0,0,0,"737123,654995245860000","5692261,743255754900000",12.40408816300004,51.33212036600003,0,3,3,3,Südost
257576,14,7,13,000,2019,05,09,4,2,0,5,0,0,1,0,0,0,1,"732492,498637949120000","5691839,793520320200000",12.337451432000023,51.330244495000045,0,5,5,5,Südwest
257589,14,7,13,000,2019,05,15,3,3,3,6,0,1,1,0,0,0,0,"737349,325974181290000","5690241,979663567600000",12.405977049000057,51.313896654000075,0,3,3,3,Südost
257590,14,7,13,000,2019,05,16,3,3,5,3,0,0,1,0,0,0,0,"737870,849321573040000","5693732,982926376200000",12.415776770000036,51.34501422300008,0,2,2,2,Ost
257591,14,7,13,000,2019,05,09,3,3,0,6,0,0,1,0,0,1,0,"734794,158896576610000","5692870,470530029400000",12.37111012400004,51.33855091500004,1,0,0,0,Mitte
257592,14,7,13,000,2019,05,07,3,3,0,7,0,0,0,1,0,0,1,"737260,765979757530000","5694399,117090579100000",12.407476703000043,51.35124839900004,1,1,1,1,Nordost
257593,14,7,13,000,2019,05,17,3,3,5,3,0,0,1,0,0,0,0,"738218,263453825380000","5691084,142027473100000",12.418985109000062,51.32109288600003,0,3,3,3,Südost
257594,14,7,13,000,2019,05,21,3,3,3,7,2,1,1,0,0,0,0,"735097,920048182830000","5689512,102834845000000",12.37324865100004,51.30827938400006,0,4,4,4,Süd
257595,14,7,13,000,2019,05,18,3,2,1,5,0,1,1,0,0,0,0,"730885,696714628490000","5686485,432968214200000",12.310962779000022,51.28283294500005,0,5,5,5,Südwest
257606,14,7,13,000,2019,05,14,2,3,5,3,0,1,1,0,0,0,0,"736070,942421935500000","5691525,622044932100000",12.388516521000042,51.32595063900004,0,0,0,0,Mitte
257607,14,7,13,000,2019,05,07,2,3,5,3,0,1,1,0,0,0,0,"737592,888635275890000","5693188,492577740900000",12.411429639000062,51.34024309400007,0,2,2,2,Ost
257608,14,7,13,000,2019,05,07,2,3,2,6,0,0,1,0,0,0,0,"733722,602314554150000","5690738,952247202400000",12.354355504000068,51.31985862500005,1,4,4,4,Süd
257609,14,7,13,000,2019,05,07,2,3,5,3,0,1,1,0,0,0,0,"735903,073397886010000","5698211,107305279000000",12.390543619000027,51.38603062200008,0,9,9,9,Nord
257610,14,7,13,000,2019,05,17,2,2,3,2,0,1,1,0,0,0,0,"737183,584999999960000","5694053,812000000800000",12.40614027600003,51.34818113100005,0,2,2,2,Ost
257612,14,7,13,000,2019,05,13,2,3,5,2,0,1,1,0,0,0,0,"741469,342000000180000","5689504,260000001600000",12.464485231000026,51.305542295000066,0,3,3,3,Südost
257613,14,7,13,000,2019,05,16,2,3,1,5,0,1,1,0,0,0,0,"737017,080828023140000","5693131,346444534100000",12.403139666000072,51.33997043900007,0,2,2,2,Ost
257614,14,7,13,000,2019,05,07,2,2,5,3,0,1,1,0,0,0,0,"736574,775683428160000","5687193,207640403900000",12.392862705000027,51.28685258400003,0,4,4,4,Süd
257625,14,7,13,000,2019,05,18,1,2,6,2,0,0,1,1,0,0,0,"734906,484261633830000","5690896,249833462800000",12.371418553000069,51.320783121000034,0,4,4,4,Süd
257626,14,7,13,000,2019,05,20,1,3,9,1,1,0,1,0,0,0,0,"731545,683000001130000","5692157,186000000700000",12.324090656000067,51.333479871000065,0,7,7,7,Alt-West
257628,14,7,13,000,2019,05,17,1,2,6,4,0,0,1,1,0,0,0,"738278,130301068540000","5693668,637946371000000",12.42157099600007,51.34426612400006,0,2,2,2,Ost
257635,14,7,13,000,2019,05,13,7,3,5,3,0,1,1,0,0,0,0,"735094,018941240390000","5694934,023342141900000",12.376770106000038,51.35695018400003,0,0,0,0,Mitte
257636,14,7,13,000,2019,05,11,7,3,1,6,0,0,1,0,0,0,0,"734617,113698665980000","5693228,760841200100000",12.368808896000075,51.34184015100004,1,0,0,0,Mitte
257637,14,7,13,000,2019,05,16,7,3,2,6,0,0,1,0,0,0,0,"731184,174285162240000","5690686,483334587900000",12.317956236000043,51.32042457300008,0,7,7,7,Alt-West
257642,14,7,13,000,2019,05,06,6,3,0,1,0,1,0,0,0,0,0,"734790,023532269520000","5693614,920351665500000",12.37154166700003,51.345235098000046,1,0,0,0,Mitte
257643,14,7,13,000,2019,05,20,6,3,5,3,1,1,1,0,0,0,0,"732688,520745308140000","5691861,302984591600000",12.340274261000047,51.33035742800007,0,5,5,5,Südwest
257644,14,7,13,000,2019,05,10,6,3,3,6,0,1,1,0,0,0,0,"735337,008696914650000","5689540,348489023700000",12.376691399000038,51.30843414200007,0,4,4,4,Süd
257645,14,7,13,000,2019,05,07,6,2,5,2,0,1,1,0,0,0,0,"734785,447999999860000","5692625,201000001300000",12.370823629000029,51.33635287300007,0,0,0,0,Mitte
257646,14,7,13,000,2019,05,16,6,3,6,4,0,0,1,1,0,0,0,"734826,155505635780000","5691748,695315856500000",12.370829339000068,51.32846819100007,0,0,0,0,Mitte
257647,14,7,13,000,2019,05,17,6,3,4,2,0,1,1,0,0,0,0,"742251,639485983180000","5692989,892937807400000",12.478055262000055,51.33649505600005,0,2,2,2,Ost
257658,14,7,13,000,2019,05,07,5,3,5,3,0,1,0,0,1,0,0,"734856,939322876740000","5694206,316715881200000",12.372890924000046,51.35051605400008,0,0,0,0,Mitte
257659,14,7,13,000,2019,05,21,5,3,5,2,2,0,1,0,0,0,0,"732536,331639470530000","5696112,463501747700000",12.340870623000058,51.36858095000008,0,8,8,8,Nordwest
257660,14,7,13,000,2019,05,10,5,3,3,5,0,1,1,0,0,0,0,"727880,965922087430000","5697506,848081514200000",12.274999097000034,51.38298532700003,0,8,8,8,Nordwest
257661,14,7,13,000,2019,05,16,5,3,6,4,0,0,1,1,0,0,0,"738187,992329577920000","5689994,294403068700000",12.417823640000051,51.31132308800005,0,3,3,3,Südost
257673,14,7,13,000,2019,05,14,4,3,9,1,0,0,1,0,0,0,0,"728540,007970133800000","5689931,182072367500000",12.279590232000032,51.31471217600006,0,6,6,6,West
257674,14,7,13,000,2019,05,15,4,3,6,4,0,0,1,1,0,0,0,"732973,266960072330000","5691185,277529226600000",12.343912483000054,51.32417242300005,0,5,5,5,Südwest
257689,14,7,13,000,2019,04,18,3,3,5,3,0,1,1,0,0,0,0,"734819,275000000370000","5694103,108000000900000",12.37228293000004,51.34960517400003,0,0,0,0,Mitte
257690,14,7,13,000,2019,04,15,3,3,5,3,0,0,1,0,0,1,0,"737188,072123478170000","5693905,544433005200000",12.406105812000021,51.346848400000056,0,2,2,2,Ost
257701,14,7,13,000,2019,04,15,2,3,0,1,0,1,0,0,0,0,0,"735073,290153840560000","5689669,822415104100000",12.372999824000033,51.30970531300005,1,4,4,4,Süd
257715,14,7,13,000,2019,04,19,7,3,4,2,1,0,1,0,0,0,1,"737186,569681018590000","5693907,321683149800000",12.406085461000032,51.34686497900003,1,2,2,2,Ost
257716,14,7,13,000,2019,04,15,7,3,5,3,0,0,1,0,0,0,0,"737427,140982146370000","5693235,382574718400000",12.409085568000023,51.340733209000064,0,2,2,2,Ost
257717,14,7,13,000,2019,04,09,7,3,5,3,0,1,1,0,0,0,0,"736174,211287461220000","5691040,937386747400000",12.389674944000035,51.32155712900004,0,0,0,0,Mitte
257718,14,7,13,000,2019,04,10,7,3,6,4,0,0,0,1,0,0,1,"735454,126810614020000","5693292,539815969800000",12.380847104000054,51.342066671000055,0,0,0,0,Mitte
257719,14,7,13,000,2019,04,22,7,3,1,1,2,1,1,0,0,0,0,"732464,081031532030000","5691756,788414249200000",12.336990092000065,51.32951099500008,1,5,5,5,Südwest
257720,14,7,13,000,2019,04,11,7,2,0,1,0,1,0,0,0,0,0,"735083,719648307190000","5690003,023203579700000",12.373368757000037,51.31269195800007,0,4,4,4,Süd
257721,14,7,13,000,2019,04,21,7,3,1,7,2,0,1,0,0,0,0,"731846,862548949200000","5691596,506139168500000",12.32804180100004,51.32832406700004,0,5,5,5,Südwest
257722,14,7,13,000,2019,04,09,7,3,6,2,0,0,1,1,0,0,0,"732039,149259057830000","5691868,199269224000000",12.330973873000062,51.33068459800006,0,7,7,7,Alt-West
257731,14,7,13,000,2019,04,11,6,3,6,2,0,0,1,1,0,0,0,"737602,388527789150000","5691516,138312181500000",12.410450612000034,51.32522800600003,0,3,3,3,Südost
257732,14,7,13,000,2019,04,21,6,3,5,3,2,1,1,0,0,0,0,"735889,189230040650000","5694771,700129732500000",12.388062512000033,51.35516363800008,0,9,9,9,Nord
257733,14,7,13,000,2019,04,15,6,2,3,2,0,1,0,0,0,0,0,"734717,458367362620000","5693033,226778226000000",12.37011817900003,51.34004354500007,0,0,0,0,Mitte
257750,14,7,13,000,2019,04,12,5,3,8,1,0,1,0,0,0,0,1,"737396,867558035070000","5691975,733683805900000",12.407812359000047,51.329439163000075,0,3,3,3,Südost
257751,14,7,13,000,2019,04,12,5,3,5,3,0,1,1,0,0,0,0,"727244,999484807250000","5693205,960341624900000",12.263127292000036,51.34462973300003,0,7,7,7,Alt-West
257752,14,7,13,000,2019,04,14,5,3,5,3,0,0,1,0,0,0,1,"732152,184000000360000","5690951,744000000900000",12.331996668000045,51.32241166300008,0,5,5,5,Südwest
257753,14,7,13,000,2019,04,18,5,3,4,2,0,0,1,0,0,0,0,"729365,196944299150000","5690708,435582460800000",12.291910822000034,51.32135775300003,0,6,6,6,West
257754,14,7,13,000,2019,04,14,5,3,2,2,0,1,1,0,0,0,0,"732488,202344442720000","5696383,959268881000000",12.340357933000064,51.371037768000065,0,8,8,8,Nordwest
257755,14,7,13,000,2019,04,15,5,3,5,3,0,0,1,0,0,0,0,"731766,440290889700000","5690049,100263655200000",12.32588359500005,51.31446602500006,0,5,5,5,Südwest
257756,14,7,13,000,2019,04,09,5,2,4,2,0,1,1,0,0,0,0,"732776,485000670890000","5691353,630007445800000",12.34120312400006,51.32576421500005,0,5,5,5,Südwest
257771,14,7,13,000,2019,05,09,3,3,6,4,0,1,0,1,0,0,0,"732232,273000000040000","5692617,943000003700000",12.334229867000033,51.337336047000065,0,7,7,7,Alt-West
257772,14,7,13,000,2019,05,16,3,3,2,6,0,0,1,0,0,0,0,"733095,531016009860000","5691620,037811668600000",12.345948460000045,51.32802503800008,0,5,5,5,Südwest
257773,14,7,13,000,2019,05,15,3,3,5,3,0,0,1,0,0,0,0,"734594,056487581690000","5696048,836805522400000",12.370337478000067,51.36716377300007,0,9,9,9,Nord
257775,14,7,13,000,2019,05,13,3,3,6,4,0,0,0,1,0,0,1,"737911,884388186040000","5695055,274299323600000",12.41724871100007,51.35686588400006,0,1,1,1,Nordost
257783,14,7,13,000,2019,05,09,2,3,3,7,0,0,1,0,0,0,1,"736084,946999999690000","5692632,276999998800000",12.389450324000052,51.33587843600003,0,0,0,0,Mitte
257784,14,7,13,000,2019,05,10,2,3,6,4,0,1,0,1,0,0,0,"736385,720056873750000","5692756,302212690900000",12.393842665000022,51.33686677700007,0,0,0,0,Mitte
257785,14,7,13,000,2019,05,18,2,2,1,3,0,1,1,0,0,0,0,"732961,861000000500000","5692856,990000000200000",12.344841994000035,51.339183485000035,1,7,7,7,Alt-West
257786,14,7,13,000,2019,05,17,2,3,1,1,0,0,1,0,0,0,0,"730880,520964239720000","5693621,604757688900000",12.315508034000061,51.34689622900004,1,7,7,7,Alt-West
257787,14,7,13,000,2019,05,22,2,3,0,7,2,1,0,0,0,0,0,"735441,716603928250000","5692967,101222729300000",12.380454104000023,51.33915057200005,1,0,0,0,Mitte
257789,14,7,13,000,2019,05,08,2,3,4,2,0,1,1,0,0,0,0,"734787,456593487410000","5693008,791189268200000",12.371105251000074,51.33979530400006,0,0,0,0,Mitte
257802,14,7,13,000,2019,05,13,1,3,1,3,0,1,1,0,0,0,0,"736116,743802186100000","5691177,294553417700000",12.388941998000064,51.32280495500004,0,0,0,0,Mitte
257803,14,7,13,000,2019,05,10,1,3,5,3,0,1,1,0,0,0,0,"728607,694015773940000","5694751,574113110100000",12.283653258000072,51.35795869400005,0,7,7,7,Alt-West
257814,14,7,13,000,2019,05,14,7,3,2,2,0,0,1,0,0,0,0,"734557,015588828360000","5691371,852261854300000",12.366725127000052,51.32519651000007,0,4,4,4,Süd
257816,14,7,13,000,2019,05,11,7,3,4,2,0,1,1,0,0,0,0,"737280,387796197090000","5693758,735639017100000",12.407331142000032,51.34549211400008,0,2,2,2,Ost
257830,14,7,13,000,2019,05,10,6,3,4,2,0,1,1,0,0,0,0,"737248,367000000550000","5692229,235000001300000",12.40585345900007,51.33177656600003,0,3,3,3,Südost
257831,14,7,13,000,2019,05,16,6,3,0,2,0,1,1,0,0,0,0,"737133,986984790300000","5694425,592157717800000",12.40567702900006,51.351538944000026,0,1,1,1,Nordost
257832,14,7,13,000,2019,05,17,6,3,1,7,0,1,1,0,0,0,0,"730139,290509154090000","5690087,880130084200000",12.302600553000048,51.31547443300008,0,6,6,6,West
257833,14,7,13,000,2019,05,18,6,3,5,3,0,1,1,0,0,0,0,"737265,773083449340000","5694405,073330536500000",12.407552447000057,51.35129977200006,0,1,1,1,Nordost
257835,14,7,13,000,2019,05,16,6,3,6,4,0,1,0,1,0,0,0,"735968,705298501070000","5691623,323461368700000",12.387116461000062,51.32687004600007,0,0,0,0,Mitte
257836,14,7,13,000,2019,05,13,6,2,5,3,0,1,1,0,0,0,0,"734291,073682839980000","5695623,642031328800000",12.36571258400005,51.36347208700005,0,9,9,9,Nord
257837,14,7,13,000,2019,05,14,6,3,6,4,0,1,0,1,0,0,0,"736299,149236666970000","5692433,798562491300000",12.392388179000022,51.33400789400008,0,0,0,0,Mitte
257838,14,7,13,000,2019,05,07,6,3,6,2,0,0,0,1,0,0,1,"735913,478679899130000","5688680,175191082100000",12.38437871900004,51.300474345000055,0,4,4,4,Süd
257854,14,7,13,000,2019,05,17,5,3,3,5,0,1,1,0,0,0,0,"735182,358953380030000","5692703,482162118000000",12.376563161000036,51.33689155700006,0,0,0,0,Mitte
257855,14,7,13,000,2019,05,19,5,3,5,3,0,1,0,0,0,0,0,"735474,044075229210000","5693364,752435093700000",12.381180307000022,51.34270662600005,0,0,0,0,Mitte
257856,14,7,13,000,2019,05,18,5,3,5,3,0,1,1,0,0,0,0,"737068,111568551510000","5689051,782681230500000",12.401158467000073,51.303330448000054,0,4,4,4,Süd
257857,14,7,13,000,2019,05,08,5,3,3,2,0,1,0,0,0,0,1,"735061,373983249070000","5690342,089678384400000",12.373272146000033,51.315744789000064,0,4,4,4,Süd
257858,14,7,13,000,2019,05,22,5,2,5,3,2,0,1,0,1,0,0,"735117,182324273510000","5693979,650176908800000",12.37647172000004,51.348373836000064,0,0,0,0,Mitte
257859,14,7,13,000,2019,05,17,5,3,5,3,0,0,1,0,0,0,0,"736759,062536465000000","5699845,756017934500000",12.40391308900007,51.40034692800003,0,9,9,9,Nord
257860,14,7,13,000,2019,05,09,5,2,4,6,0,1,1,0,0,0,0,"734356,736233757810000","5691656,067092765100000",12.364042598000026,51.32783029400008,0,0,0,0,Mitte
257861,14,7,13,000,2019,05,06,5,3,5,3,0,0,1,0,0,0,0,"734723,185679185200000","5690667,619233056900000",12.368642204000025,51.31880646800005,0,4,4,4,Süd
257862,14,7,13,000,2019,05,15,5,3,3,6,0,1,1,0,0,0,0,"734587,588629955430000","5695412,367391755800000",12.369824933000075,51.36145325800004,0,9,9,9,Nord
257877,14,7,13,000,2019,05,17,4,3,5,3,0,1,1,0,0,0,0,"731501,055000000630000","5691447,346999997300000",12.322989998000025,51.327125917000046,0,5,5,5,Südwest
257880,14,7,13,000,2019,05,16,4,3,1,6,0,1,1,0,0,0,0,"738661,306694367900000","5690099,968543300400000",12.424673042000052,51.31207336500006,0,3,3,3,Südost
257893,14,7,13,000,2019,05,13,3,3,2,6,0,0,1,0,0,0,0,"732322,600753897800000","5690630,146913990400000",12.334228608000046,51.319455205000054,0,5,5,5,Südwest
257894,14,7,13,000,2019,05,15,3,3,2,6,0,0,1,0,0,0,0,"730547,073986932640000","5691524,756971823100000",12.309371100000021,51.328208231000076,0,7,7,7,Alt-West
257895,14,7,13,000,2019,05,16,3,3,5,7,0,1,1,0,0,0,0,"738974,190000000410000","5694928,462999999500000",12.43239264500005,51.35528195000006,0,1,1,1,Nordost
257896,14,7,13,000,2019,05,14,3,3,6,4,0,0,1,1,0,0,0,"736702,278836170210000","5693777,584908045800000",12.39905777000007,51.34590228900004,0,2,2,2,Ost
257897,14,7,13,000,2019,05,15,3,3,5,3,0,1,0,0,0,0,1,"742272,809827118180000","5694366,356135040500000",12.47929502900007,51.34884032400004,0,2,2,2,Ost
257910,14,7,13,000,2019,05,15,2,3,5,3,0,1,1,0,0,0,0,"734616,733962338420000","5692444,312077306200000",12.36828676400006,51.33479876200005,1,0,0,0,Mitte
257911,14,7,13,000,2019,05,09,2,3,3,2,0,1,1,0,0,0,0,"735012,685124064800000","5692065,577266845900000",12.373710881000022,51.33123562000003,0,0,0,0,Mitte
257912,14,7,13,000,2019,05,15,2,3,5,3,0,0,1,0,0,0,0,"728536,473454030230000","5689941,725406102800000",12.279546356000026,51.31480824600004,0,6,6,6,West
257913,14,7,13,000,2019,05,21,2,3,1,7,1,0,1,0,0,0,0,"732204,768331035040000","5690858,361720150300000",12.33268920300003,51.32155193400007,1,5,5,5,Südwest
257914,14,7,13,000,2019,05,15,2,3,2,6,0,0,1,0,0,0,0,"739626,674000000580000","5688364,517000000900000",12.43733370800004,51.29609067100006,0,3,3,3,Südost
257925,14,7,13,000,2019,05,03,1,3,0,1,2,1,0,0,0,0,0,"735111,824000000950000","5689690,379000004400000",12.373565253000038,51.309873924000044,0,4,4,4,Süd
257926,14,7,13,000,2019,05,00,1,3,6,4,2,1,0,1,0,0,0,"735035,229684244840000","5691293,743403025000000",12.37352493700007,51.32429802100006,0,4,4,4,Süd
257939,14,7,13,000,2019,05,17,7,3,1,7,0,1,1,0,0,0,0,"735691,224474201910000","5695814,772831805100000",12.385915526000076,51.364608634000035,0,9,9,9,Nord
257941,14,7,13,000,2019,05,02,7,3,5,3,2,0,1,0,0,0,0,"737374,663229403090000","5692667,924231121300000",12.40795534700004,51.33566158000008,0,3,3,3,Südost
257955,14,7,13,000,2019,05,10,6,3,2,2,0,0,1,0,0,0,1,"737494,922000000250000","5687209,723000001200000",12.406045090000077,51.28661800200007,0,4,4,4,Süd
257956,14,7,13,000,2019,05,22,6,2,9,1,2,0,0,0,1,0,0,"736733,434698015450000","5689176,736609512900000",12.396448880000037,51.304591308000056,0,4,4,4,Süd
257957,14,7,13,000,2019,05,19,6,2,3,2,0,1,0,0,0,0,1,"735253,314526625910000","5692284,565424561500000",12.377303363000067,51.33310186700004,0,0,0,0,Mitte
257974,14,7,13,000,2019,05,15,5,3,6,4,0,1,0,1,0,0,0,"736950,950805796310000","5693767,610759237800000",12.402615318000073,51.345709174000035,1,2,2,2,Ost
257975,14,7,13,000,2019,05,08,5,3,6,7,0,0,1,1,0,0,0,"735698,854403484610000","5696164,416380230300000",12.38625666200005,51.367743946000076,0,9,9,9,Nord
257976,14,7,13,000,2019,05,07,5,3,5,3,0,1,1,0,0,0,0,"736209,525889922860000","5692516,783583456700000",12.391158955000037,51.33479001400008,1,0,0,0,Mitte
257977,14,7,13,000,2019,05,07,5,3,5,3,0,1,1,0,0,0,0,"734890,118542503570000","5696053,115829559000000",12.374585815000046,51.36707984800006,1,9,9,9,Nord
257989,14,7,13,000,2019,05,06,4,3,2,6,0,0,1,0,1,0,0,"736563,555156223480000","5690726,588269943400000",12.395043905000023,51.31857373500003,0,0,0,0,Mitte
257990,14,7,13,000,2019,05,07,4,2,3,2,0,1,1,0,0,0,0,"735640,827161622230000","5692429,921997992300000",12.38295223800003,51.33424622200005,0,0,0,0,Mitte
257991,14,7,13,000,2019,05,13,4,3,3,2,0,1,0,0,0,0,1,"738598,726469507440000","5690980,352404592600000",12.42436572500003,51.32000187500006,0,3,3,3,Südost
257992,14,7,13,000,2019,05,16,4,2,3,5,0,1,1,0,0,0,0,"735407,019999999550000","5689505,205000000100000",12.377670885000043,51.30808973400008,0,4,4,4,Süd
257993,14,7,13,000,2019,05,06,4,3,2,6,0,0,1,0,0,0,0,"735901,479722728020000","5694723,646174475600000",12.388206853000042,51.35472719400008,0,9,9,9,Nord
258006,14,7,13,000,2019,05,17,3,3,1,2,0,0,1,0,0,0,0,"735334,897511174900000","5692593,137678675400000",12.378676208000059,51.33583796700003,0,0,0,0,Mitte
258007,14,7,13,000,2019,05,21,3,3,5,2,2,1,1,0,0,0,0,"737404,867117120880000","5693750,038517003900000",12.40910946200006,51.345362083000055,0,2,2,2,Ost
258008,14,7,13,000,2019,05,15,3,2,5,2,0,1,1,0,0,0,0,"734834,557050274690000","5692215,577797470600000",12.371257383000057,51.332655654000064,0,0,0,0,Mitte
258009,14,7,13,000,2019,05,17,3,3,0,1,0,1,0,0,0,0,0,"736983,706163107420000","5693019,429664958300000",12.402586910000025,51.33897977200007,0,2,2,2,Ost
258011,14,7,13,000,2019,05,07,3,3,3,2,0,1,1,0,0,0,0,"731764,780707733710000","5690946,311795456300000",12.326442944000064,51.32252083000003,0,5,5,5,Südwest
258012,14,7,13,000,2019,05,16,3,2,3,2,0,1,0,0,0,0,1,"736675,789866014380000","5693031,185360612300000",12.398182045000055,51.33921352900006,0,3,3,3,Südost
258013,14,7,13,000,2019,05,21,3,3,6,4,2,1,0,1,0,0,0,"735568,593326433560000","5692987,525533458200000",12.382285891000038,51.339281362000065,0,0,0,0,Mitte
258014,14,7,13,000,2019,05,18,3,3,3,2,0,1,1,0,0,0,0,"735538,448394413110000","5692919,903132254300000",12.38180916400006,51.338686850000045,0,0,0,0,Mitte
258026,14,7,13,000,2019,06,15,4,3,5,3,0,1,1,0,0,0,0,"736647,666632974520000","5692726,519906701500000",12.397576612000023,51.336490508000054,0,3,3,3,Südost
258027,14,7,13,000,2019,06,16,4,3,5,2,0,0,1,0,0,0,0,"729336,992199026980000","5690833,722505660700000",12.291587327000059,51.32249384100004,1,6,6,6,West
258029,14,7,13,000,2019,06,07,5,3,5,3,0,1,1,0,0,0,0,"735645,820531631820000","5697398,994875470200000",12.386314543000026,51.37884778400007,0,9,9,9,Nord
258031,14,7,13,000,2019,06,06,5,3,5,3,0,1,1,0,0,0,0,"735837,361089913170000","5694976,534020438800000",12.38745526200006,51.357023782000056,0,9,9,9,Nord
258033,14,7,13,000,2019,06,19,5,3,3,7,1,0,1,0,0,0,0,"736319,160832452590000","5691291,298110872500000",12.391917361000026,51.32374424500006,0,0,0,0,Mitte
258048,14,7,13,000,2019,06,16,4,3,5,2,0,0,1,0,1,0,0,"737387,945225595500000","5691590,432718735200000",12.407427899000027,51.325984394000045,1,3,3,3,Südost
258049,14,7,13,000,2019,06,15,4,3,1,5,0,1,1,0,0,0,0,"735276,203972373160000","5691040,146765792700000",12.376809904000027,51.321922047000044,0,4,4,4,Süd
258050,14,7,13,000,2019,06,07,4,3,5,3,0,1,1,0,0,0,0,"735776,692994235080000","5695200,632967539100000",12.386733993000064,51.359060518000035,0,9,9,9,Nord
258051,14,7,13,000,2019,06,18,4,2,5,3,0,0,1,0,1,0,0,"737252,518000000160000","5694950,945000002200000",12.40772634800004,51.35620507100003,0,1,1,1,Nordost
258052,14,7,13,000,2019,06,13,4,3,6,4,0,0,1,1,0,0,0,"736176,887247008270000","5688206,645800337200000",12.38783720300006,51.29611461300004,0,4,4,4,Süd
258053,14,7,13,000,2019,06,17,4,2,3,5,0,0,1,0,1,0,0,"734247,505247360100000","5692006,979080479600000",12.362708208000072,51.33102524100008,1,0,0,0,Mitte
258054,14,7,13,000,2019,06,08,4,3,0,4,0,0,1,1,0,0,0,"734079,232868836260000","5695147,815069770400000",12.362361903000021,51.359288168000035,0,9,9,9,Nord
258055,14,7,13,000,2019,06,10,4,3,5,3,0,1,1,0,0,0,0,"741671,611622690220000","5693992,889730183400000",12.470424700000024,51.34574419200004,0,2,2,2,Ost
258056,14,7,13,000,2019,06,06,4,3,3,2,0,0,1,0,0,0,0,"736708,438000001010000","5693777,079000001800000",12.399145712000063,51.34589518400003,0,2,2,2,Ost
258078,14,7,13,000,2019,06,21,3,3,5,3,2,1,1,0,0,0,0,"736343,052936933000000","5692762,838811246700000",12.393235574000073,51.33694318400006,1,0,0,0,Mitte
258079,14,7,13,000,2019,06,17,3,3,5,3,0,1,0,0,0,0,1,"735499,226754524750000","5692770,837283827400000",12.38114852900003,51.337365033000026,0,0,0,0,Mitte
258080,14,7,13,000,2019,06,06,3,3,5,7,0,1,1,0,0,0,0,"735839,112585077990000","5689480,292649215100000",12.383842583000046,51.307687275000035,0,4,4,4,Süd
258081,14,7,13,000,2019,06,07,3,3,1,1,0,0,1,0,0,0,0,"738130,278618707320000","5695198,313351459800000",12.420475348000025,51.35805832200003,0,1,1,1,Nordost
258082,14,7,13,000,2019,06,16,3,3,2,6,0,1,1,0,0,0,0,"734628,676317135800000","5695399,408383481200000",12.370405509000022,51.36131996800003,0,9,9,9,Nord
258083,14,7,13,000,2019,06,22,3,2,4,2,2,1,1,0,0,0,0,"734762,126675505190000","5689970,353086782600000",12.368741078000028,51.31253142600008,1,4,4,4,Süd
258084,14,7,13,000,2019,06,08,3,3,0,4,0,0,0,1,0,0,1,"737500,879248851910000","5694658,654933154600000",12.411091776000035,51.35347773900003,0,1,1,1,Nordost