OBJECTID,ULAND,UREGBEZ,UKREIS,UGEMEINDE,UJAHR,UMONAT,USTUNDE,UWOCHENTAG,UKATEGORIE,UART,UTYP1,ULICHTVERH,IstRad,IstPKW,IstFuss,IstKrad,IstGkfz,IstSonstige,LINREFX,LINREFY,XGCSWGS84,YGCSWGS84,STRZUSTAND,index_right,FID,SBZ,Name
259265,14,7,13,000,2019,08,14,7,2,6,4,0,0,0,1,0,0,1,"737178,464619303120000","5692928,985562056300000",12.405317708000041,51.338086743000076,0,3,3,3,Südost
259266,14,7,13,000,2019,08,13,7,3,5,7,0,0,1,0,0,0,0,"727346,658101718870000","5693458,698151700200000",12.264745901000026,51.34685800900007,0,7,7,7,Alt-West
259267,14,7,13,000,2019,08,17,7,3,3,3,0,1,0,0,0,0,0,"736622,139421988280000","5693780,876011787000000",12.397911324000063,51.34596519000007,0,2,2,2,Ost
259280,14,7,13,000,2019,08,12,6,3,2,2,0,1,0,0,0,0,1,"735007,203636951740000","5691763,387062693000000",12.373433061000071,51.32852530700006,0,0,0,0,Mitte
259281,14,7,13,000,2019,08,11,6,3,2,6,0,0,1,0,0,0,0,"734662,564296816480000","5693221,845315618400000",12.36945574200007,51.34175931900006,0,0,0,0,Mitte
259297,14,7,13,000,2019,08,13,5,3,4,2,0,1,1,0,0,0,0,"738118,324335295710000","5694089,493878325400000",12.419562105000068,51.34811065100007,0,1,1,1,Nordost
259298,14,7,13,000,2019,08,15,5,3,5,3,0,1,1,0,0,0,0,"735307,637610740030000","5689757,689361661700000",12.376414097000065,51.31039722100007,0,4,4,4,Süd
259299,14,7,13,000,2019,08,14,5,3,2,6,0,0,1,0,0,0,0,"736682,354427197950000","5695553,874552315100000",12.399953525000058,51.36185476500003,0,1,1,1,Nordost
259300,14,7,13,000,2019,08,14,5,3,2,6,0,0,1,0,0,0,1,"734787,726148943420000","5693012,364516114800000",12.371111470000073,51.33982726800008,0,0,0,0,Mitte
259313,14,7,13,000,2019,08,10,4,3,5,3,0,1,1,0,0,0,0,"731760,965613545850000","5689790,471276264600000",12.325637138000047,51.31214657900006,0,5,5,5,Südwest
259314,14,7,13,000,2019,08,12,4,3,4,2,0,0,1,0,0,0,0,"734342,214850944470000","5696048,727494511800000",12.366725989000031,51.367266734000054,0,9,9,9,Nord
259315,14,7,13,000,2019,08,13,4,3,4,1,0,0,1,0,0,0,0,"730444,686042134650000","5701063,171602273400000",12.314086658000065,51.41387512600005,1,8,8,8,Nordwest
259333,14,7,13,000,2019,08,08,3,3,3,5,0,1,1,0,0,0,0,"736204,384883083400000","5691563,430422131000000",12.390453383000022,51.326234630000044,0,0,0,0,Mitte
259334,14,7,13,000,2019,08,13,3,3,3,2,0,1,1,0,0,0,0,"730405,474000001330000","5693950,571000002300000",12.308911373000058,51.35004207500003,0,7,7,7,Alt-West
259335,14,7,13,000,2019,08,17,3,3,2,2,0,0,1,0,0,0,0,"727499,667999999600000","5697700,604000002100000",12.269652930000063,51.384877636000056,0,8,8,8,Nordwest
259337,14,7,13,000,2019,08,15,3,3,4,2,0,1,1,0,0,0,0,"734234,805881600830000","5696312,387607252200000",12.365359418000025,51.36967775200003,0,9,9,9,Nord
259338,14,7,13,000,2019,08,14,3,3,9,7,0,0,1,0,0,0,0,"738245,122064381840000","5698611,274972917500000",12.424409125000068,51.38864446100007,0,1,1,1,Nordost
259348,14,7,13,000,2019,08,10,2,3,2,6,0,0,1,0,0,0,0,"735980,025930830280000","5693548,295276129600000",12.38855372200004,51.344144380000046,0,0,0,0,Mitte
259349,14,7,13,000,2019,08,06,2,3,6,4,0,1,0,1,0,0,0,"735589,659566507670000","5697088,341001819800000",12.385303075000024,51.376082593000035,0,9,9,9,Nord
259350,14,7,13,000,2019,08,16,2,3,2,6,0,0,1,0,0,0,0,"736552,206816861410000","5695400,369091905700000",12.397985404000053,51.360531079000054,0,9,9,9,Nord
259351,14,7,13,000,2019,08,13,2,3,5,3,0,0,1,0,0,0,0,"736759,666077001020000","5699848,851779617400000",12.403923815000041,51.40037446300005,0,9,9,9,Nord
259364,14,7,13,000,2019,08,03,1,2,6,4,2,1,0,1,0,0,0,"734928,351263248360000","5693310,595930034300000",12.373323554000024,51.34244622700004,0,0,0,0,Mitte
259365,14,7,13,000,2019,08,07,3,3,1,5,0,1,1,0,0,0,0,"739468,044127157890000","5698561,033296752700000",12.441918903000044,51.387678950000065,0,1,1,1,Nordost
259367,14,7,13,000,2019,08,12,3,2,6,4,0,0,1,1,0,0,0,"731947,368857773950000","5692297,937880670700000",12.329938480000067,51.33457970300003,0,7,7,7,Alt-West
259383,14,7,13,000,2019,08,11,7,3,3,6,0,1,1,0,0,0,0,"732576,212338287380000","5692080,059216333600000",12.338807777000056,51.33236706900004,0,5,5,5,Südwest
259386,14,7,13,000,2019,08,23,7,3,2,6,2,0,1,0,0,0,0,"729018,813389047050000","5690838,627978704900000",12.287031851000052,51.322666035000054,0,6,6,6,West
259387,14,7,13,000,2019,08,17,7,3,2,6,0,0,1,0,0,0,0,"733123,049256770870000","5695876,584805253900000",12.34912996600002,51.366223096000056,0,8,8,8,Nordwest
259392,14,7,13,000,2019,08,11,2,3,6,4,0,0,1,1,0,0,0,"737903,554999999700000","5690206,331000000200000",12.413891358000058,51.31334528600007,0,3,3,3,Südost
259393,14,7,13,000,2019,08,07,2,2,3,6,0,1,0,0,0,1,0,"737734,208137599750000","5695329,782071897800000",12.41488494400005,51.35940420900005,1,1,1,1,Nordost
259396,14,7,13,000,2019,08,13,6,3,5,3,0,1,1,0,0,0,0,"727244,540865393360000","5693206,019787438200000",12.263120756000035,51.34463045000007,0,7,7,7,Alt-West
259397,14,7,13,000,2019,08,01,6,2,9,1,2,0,1,0,0,0,0,"728705,932633885180000","5689550,627935804400000",12.281723097000054,51.31122919300003,0,6,6,6,West
259398,14,7,13,000,2019,08,14,2,3,3,6,0,0,1,0,1,0,0,"731548,748812039380000","5688859,718821691300000",12.321993452000072,51.30387768000003,0,5,5,5,Südwest
259399,14,7,13,000,2019,08,22,6,2,6,4,2,0,1,1,0,0,0,"738897,575383672490000","5697120,939880177400000",12.432767053000077,51.37499337700007,0,1,1,1,Nordost
259400,14,7,13,000,2019,08,06,2,3,5,2,0,1,1,0,0,0,0,"735021,386525649580000","5691674,470307519700000",12.373577639000075,51.32772129600005,0,0,0,0,Mitte
259401,14,7,13,000,2019,08,16,6,2,6,4,0,1,0,1,0,0,0,"737577,260381349360000","5693743,903290137600000",12.411576208000042,51.34523500100005,0,2,2,2,Ost
259404,14,7,29,190,2019,08,12,6,2,4,6,0,0,1,0,1,0,0,"742655,531029288660000","5684737,427196368600000",12.478233412000066,51.26225345000006,0,3,3,3,Südost
259421,14,7,13,000,2019,08,12,1,3,5,3,0,1,1,0,0,0,0,"738238,486162398940000","5692404,411378778500000",12.420157252000024,51.332935114000065,0,2,2,2,Ost
259422,14,7,13,000,2019,08,10,5,3,2,2,0,0,1,0,0,0,1,"732316,161555067640000","5690619,946847315900000",12.334129717000053,51.319366270000046,0,5,5,5,Südwest
259427,14,7,13,000,2019,08,18,5,3,5,3,0,1,1,0,0,0,0,"735062,155994559640000","5689731,689903406400000",12.372881121000034,51.31026526000005,0,4,4,4,Süd
259429,14,7,13,000,2019,08,12,5,3,3,6,0,1,1,0,0,0,0,"732330,095866086890000","5696220,370561705900000",12.337983525000027,51.36963398000006,0,8,8,8,Nordwest
259431,14,7,13,000,2019,08,10,5,2,5,7,0,0,1,0,0,0,1,"736682,430389969610000","5693034,260707290800000",12.398279253000055,51.33923837000003,0,2,2,2,Ost
259433,14,7,13,000,2019,08,12,5,3,5,3,0,1,1,0,0,0,0,"737190,023191721180000","5693978,697277549700000",12.406182513000033,51.34750421000007,0,2,2,2,Ost
259436,14,7,13,000,2019,08,11,5,2,3,2,0,1,1,0,0,0,0,"734942,996000001210000","5695754,522000001700000",12.375146814000061,51.36437770800006,0,9,9,9,Nord
259437,14,7,13,000,2019,08,09,5,3,4,2,0,1,1,0,0,0,0,"738858,987000000660000","5697628,774000000200000",12.432554938000067,51.37956780900004,0,1,1,1,Nordost
259438,14,7,13,000,2019,08,15,7,3,3,6,0,0,1,0,0,0,0,"734246,002787002360000","5692845,414457744000000",12.363237945000037,51.33855206000004,0,0,0,0,Mitte
259452,14,7,13,000,2019,08,07,6,3,5,3,0,1,1,0,0,0,0,"737685,905000001190000","5692364,303999999500000",12.412212750000037,51.332806289000075,1,2,2,2,Ost
259453,14,7,13,000,2019,08,19,6,2,3,6,0,1,1,0,0,0,0,"737795,596415006560000","5691445,733169123500000",12.41317159600004,51.324515328000075,0,3,3,3,Südost
259455,14,7,13,000,2019,08,15,6,3,1,6,0,0,1,0,0,0,1,"739413,118043380790000","5691917,196060968600000",12.436660489000076,51.32806876700005,0,2,2,2,Ost
259467,14,7,13,000,2019,07,03,4,3,5,3,2,1,0,0,0,0,1,"738177,152432521810000","5695901,431756280400000",12.421618110000054,51.364349798000035,0,1,1,1,Nordost
259472,14,7,13,000,2019,07,13,4,3,5,3,0,0,1,0,0,0,0,"733775,537797722030000","5692510,654131477700000",12.356275906000064,51.335740669000074,0,0,0,0,Mitte
259474,14,7,13,000,2019,07,17,4,3,2,6,0,0,1,0,0,0,0,"733163,765308227390000","5694145,565965788400000",12.348579414000028,51.35066777000003,1,0,0,0,Mitte
259476,14,7,13,000,2019,07,10,4,3,3,6,0,1,1,0,0,0,0,"737782,406058861870000","5695325,747721919800000",12.415573257000062,51.359347831000036,1,1,1,1,Nordost
259478,14,7,13,000,2019,07,10,4,3,5,3,0,1,1,0,0,0,0,"730393,563707356340000","5689801,188875295200000",12.306057789000022,51.31279791900005,1,5,5,5,Südwest
259479,14,7,13,000,2019,07,21,4,3,6,4,2,0,0,1,0,0,1,"734356,188983033410000","5695496,468784969300000",12.366562475000023,51.36230367300004,0,9,9,9,Nord
259489,14,7,13,000,2019,08,12,6,3,2,2,0,1,0,0,0,0,1,"737198,305301654150000","5693478,553289009300000",12.405968040000062,51.34301142900006,0,2,2,2,Ost
259490,14,7,13,000,2019,08,07,6,3,5,3,0,1,1,0,0,0,0,"736341,375944407660000","5692995,182433474800000",12.39336570100005,51.33902944300007,0,0,0,0,Mitte
259491,14,7,13,000,2019,08,07,6,3,6,4,0,1,0,1,0,0,0,"732700,311047870670000","5690531,085518540800000",12.339574880000043,51.31841163000007,0,5,5,5,Südwest
259492,14,7,13,000,2019,08,18,6,3,2,6,0,0,1,0,0,0,0,"727783,696225140240000","5689139,598389940300000",12.268250575000025,51.30790902900003,0,6,6,6,West
259493,14,7,13,000,2019,08,14,6,3,2,6,0,0,1,0,0,0,0,"732334,296078492890000","5690624,781933898100000",12.334392655000045,51.31940227000007,0,5,5,5,Südwest
259494,14,7,13,000,2019,08,13,6,3,1,5,0,1,1,0,0,0,0,"735084,048056859520000","5689985,991049973300000",12.373362237000038,51.31253893400003,0,4,4,4,Süd
259495,14,7,13,000,2019,08,07,6,3,1,5,0,1,1,0,0,0,0,"734767,429033172320000","5689938,345657689500000",12.368795959000067,51.31224192500008,0,4,4,4,Süd
259496,14,7,13,000,2019,08,09,6,2,2,6,0,1,1,0,0,0,0,"737186,848238304260000","5693435,322562573500000",12.405775045000041,51.34262816700004,0,2,2,2,Ost
259517,14,7,13,000,2019,08,08,5,3,0,6,0,0,0,0,1,0,1,"734869,948323265650000","5692375,140253443300000",12.371869694000054,51.33407333700006,0,0,0,0,Mitte
259518,14,7,13,000,2019,08,17,5,3,5,2,0,1,0,0,0,0,0,"732776,751345069150000","5691353,968207219600000",12.341207161000057,51.325767142000075,0,5,5,5,Südwest
259520,14,7,13,000,2019,08,14,5,2,9,1,0,0,0,0,1,0,0,"734164,665125890630000","5692189,341047033700000",12.361641046000045,51.33269632100007,0,0,0,0,Mitte
259521,14,7,13,000,2019,08,17,5,3,5,3,0,1,1,0,0,0,0,"739938,248000000600000","5698065,156000001400000",12.448329172000058,51.38302961100004,0,1,1,1,Nordost
259522,14,7,13,000,2019,08,12,5,3,9,1,0,0,0,0,1,0,0,"735097,182682740500000","5697039,231411455200000",12.378207176000046,51.375845853000044,0,9,9,9,Nord
259523,14,7,13,000,2019,08,06,5,2,6,4,0,0,1,1,0,0,0,"730213,103101520800000","5694096,307757180200000",12.306247885000062,51.351428293000026,0,7,7,7,Alt-West
259542,14,7,13,000,2019,08,19,4,3,5,3,1,1,0,0,0,0,1,"734797,789518816400000","5692942,904191259300000",12.371209903000022,51.33919961000004,0,0,0,0,Mitte
259543,14,7,13,000,2019,08,17,4,3,0,6,0,1,1,0,0,0,0,"737239,122468080370000","5692175,601228013600000",12.405685292000044,51.33129900000006,1,3,3,3,Südost
259544,14,7,13,000,2019,08,17,4,3,1,6,0,0,1,0,0,0,0,"732491,595136428250000","5691837,128706025000000",12.337436747000027,51.33022094300003,0,5,5,5,Südwest
259545,14,7,13,000,2019,08,18,4,3,5,3,0,0,1,0,1,0,0,"736316,403611578980000","5688221,913726784300000",12.38984484100007,51.296193791000064,0,4,4,4,Süd
259546,14,7,13,000,2019,08,13,4,3,6,7,0,0,1,1,0,0,0,"733749,996635271240000","5697111,630846580500000",12.358932357000072,51.37705183500003,0,9,9,9,Nord
259547,14,7,13,000,2019,08,16,4,3,5,2,0,1,1,0,0,0,0,"735536,783100000580000","5692914,163648152700000",12.38178150300007,51.33863602100007,0,0,0,0,Mitte
259548,14,7,13,000,2019,08,18,4,3,6,4,0,1,0,1,0,0,0,"735037,539508857760000","5691568,738796141000000",12.37373935100004,51.32676553500005,0,0,0,0,Mitte
259563,14,7,13,000,2019,08,09,3,3,1,5,0,1,1,0,0,0,0,"736903,372000000440000","5693048,891000000800000",12.401455258000055,51.33927769300004,0,3,3,3,Südost
259564,14,7,13,000,2019,08,15,3,2,0,1,0,1,0,0,0,0,0,"740622,751755051310000","5691466,052366085400000",12.453685887000063,51.32350912000004,0,2,2,2,Ost
259565,14,7,13,000,2019,08,06,3,3,5,3,0,1,0,0,0,0,1,"735268,331360037440000","5693362,133134400500000",12.378230255000062,51.34276827000008,0,0,0,0,Mitte
259566,14,7,13,000,2019,08,15,3,3,5,3,0,1,1,0,0,0,0,"736071,130424355160000","5689665,524559930000000",12.387287909000065,51.30925380900004,0,4,4,4,Süd
259568,14,7,13,000,2019,08,07,3,3,5,3,0,1,1,0,0,0,0,"734118,663094655610000","5692546,061805421500000",12.361216274000071,51.33591736200003,0,0,0,0,Mitte
259584,14,7,13,000,2019,08,13,2,3,5,3,0,1,1,0,0,0,0,"731623,077283173800000","5688883,767979009100000",12.323073514000043,51.304063334000034,0,5,5,5,Südwest
259585,14,7,13,000,2019,08,07,2,3,3,2,0,1,1,0,0,0,0,"734581,508238907900000","5691401,118111804100000",12.367095291000055,51.325449115000026,0,0,0,0,Mitte
259586,14,7,13,000,2019,08,15,2,3,2,2,0,0,1,0,1,0,0,"741283,611999999730000","5689600,498000001500000",12.46189075600006,51.306484828000066,0,3,3,3,Südost
259587,14,7,13,000,2019,08,08,2,3,5,3,0,1,1,0,0,0,0,"736682,961699594740000","5697156,334208784600000",12.401028888000042,51.37623832100007,0,1,1,1,Nordost
259606,14,7,13,000,2019,08,15,1,3,5,3,0,1,0,0,0,0,1,"735818,406730693760000","5694523,245448978600000",12.386883140000066,51.352962826000066,0,0,0,0,Mitte
259608,14,7,13,000,2019,08,14,1,3,3,2,0,1,0,0,0,0,1,"734579,448317613450000","5691400,900273500000000",12.367065635000074,51.32544800900007,0,4,4,4,Süd
259620,14,7,13,000,2019,08,09,7,3,2,6,0,0,1,0,1,0,0,"735394,667364721190000","5690885,970352480200000",12.378405195000028,51.32048911000004,0,4,4,4,Süd
259644,14,7,13,000,2019,08,08,6,3,5,3,0,1,1,0,0,0,0,"735923,927233435210000","5692739,685468204300000",12.387214048000033,51.336909379000076,0,0,0,0,Mitte
259645,14,7,13,000,2019,08,05,6,3,4,6,1,1,0,0,0,0,0,"737101,155054349450000","5690713,344000320900000",12.40273588100007,51.31823112300003,0,0,0,0,Mitte
259646,14,7,13,000,2019,08,13,6,3,6,4,0,0,0,1,0,0,1,"737203,072201263160000","5692100,984977962400000",12.40511908600007,51.33064427200003,0,3,3,3,Südost
259648,14,7,13,000,2019,08,11,6,1,9,1,0,0,1,0,0,0,0,"740514,629456871190000","5691257,708308784300000",12.45199647100003,51.321684807000054,0,2,2,2,Ost
259649,14,7,13,000,2019,08,17,6,2,1,5,0,1,1,0,0,0,0,"738083,448772850450000","5694054,260531246700000",12.41903866000007,51.347809006000034,0,1,1,1,Nordost
259650,14,7,13,000,2019,08,06,6,2,9,1,0,0,1,0,0,0,0,"735702,554999999700000","5694954,253000000500000",12.385507843000028,51.356879709000054,0,9,9,9,Nord
259651,14,7,13,000,2019,08,13,6,3,0,1,0,0,0,0,1,0,0,"734885,018991525280000","5695319,436581019300000",12.37402817700007,51.36049620700004,0,9,9,9,Nord
259652,14,7,13,000,2019,08,10,6,3,6,4,0,0,1,1,0,0,0,"736183,728350464250000","5699972,718651067500000",12.39574155500003,51.40172632100007,0,9,9,9,Nord
259653,14,7,13,000,2019,08,19,6,3,5,3,1,0,1,0,0,0,0,"735759,458000001500000","5693296,883999999600000",12.385225970000022,51.34197914900005,0,0,0,0,Mitte
259673,14,7,13,000,2019,09,13,3,3,1,7,0,1,1,0,0,0,0,"732087,383017810060000","5693471,623278379400000",12.332709742000077,51.34505847200006,0,7,7,7,Alt-West
259675,14,7,13,000,2019,09,15,3,3,5,3,0,1,1,0,0,0,0,"730712,961328701120000","5685231,428680541000000",12.307680744000038,51.271645626000065,0,5,5,5,Südwest
259677,14,7,13,000,2019,09,10,3,3,5,3,0,0,1,0,0,0,0,"735308,682751203890000","5689757,591539498400000",12.376429001000076,51.31039591100006,0,4,4,4,Süd
259679,14,7,13,000,2019,09,10,3,3,6,4,0,0,1,1,0,0,0,"734698,613442718980000","5693823,522282168300000",12.370368983000049,51.34714533400006,0,0,0,0,Mitte
259680,14,7,13,000,2019,08,08,5,3,5,3,0,1,1,0,0,0,0,"735517,832349126230000","5692698,906421445300000",12.381367600000033,51.336711654000055,0,0,0,0,Mitte
259681,14,7,13,000,2019,09,08,3,3,2,2,0,1,1,0,0,0,0,"734747,399914440700000","5690885,649004759300000",12.36913260600005,51.32075361300008,0,4,4,4,Süd
259683,14,7,13,000,2019,08,18,5,3,4,7,0,1,1,0,0,0,0,"734749,626303057190000","5693875,685935381800000",12.371134583000071,51.34759251300005,0,0,0,0,Mitte
259685,14,7,13,000,2019,08,18,5,3,6,4,0,1,0,1,0,0,0,"732293,317368451510000","5691987,531146492800000",12.33469367300006,51.331652072000054,0,5,5,5,Südwest
259688,14,7,13,000,2019,08,16,5,2,6,4,0,1,0,1,0,0,0,"733832,654155687430000","5697127,107281373800000",12.360128115000066,51.37715673000008,0,9,9,9,Nord
259689,14,7,13,000,2019,08,05,5,2,5,3,0,0,1,0,1,0,0,"733174,702099951920000","5695865,219986556100000",12.349863216000074,51.36609988100008,0,8,8,8,Nordwest
259691,14,7,13,000,2019,08,11,5,3,5,3,0,1,1,0,0,0,0,"736634,253565384080000","5689768,580599598600000",12.395421072000033,51.30994506300004,0,4,4,4,Süd
259696,14,7,13,000,2019,08,14,5,3,5,3,0,1,1,0,0,0,0,"739975,383096617650000","5693960,312699360800000",12.446092230000033,51.34617029000003,0,2,2,2,Ost
259718,14,7,13,000,2019,09,18,2,3,3,2,0,1,1,0,0,0,0,"735443,611654952170000","5693208,485881736500000",12.38064083100005,51.341316531000075,0,0,0,0,Mitte
259720,14,7,13,000,2019,09,18,2,3,5,2,0,1,1,0,0,0,0,"740236,844853529710000","5693904,241289472200000",12.449801734000062,51.34555659000006,0,2,2,2,Ost
259722,14,7,13,000,2019,09,16,2,3,5,3,0,1,1,0,0,0,0,"735279,331797343680000","5690885,119598776100000",12.376752414000066,51.32052917200008,0,4,4,4,Süd
259723,14,7,13,000,2019,09,14,2,3,1,5,0,1,1,0,0,0,0,"739974,160118065770000","5689003,240386871600000",12.442737917000045,51.301677417000064,0,3,3,3,Südost
259725,14,7,13,000,2019,09,17,2,3,0,1,0,1,0,0,0,0,0,"731321,828744086440000","5696724,609247969500000",12.323851666000053,51.37457191500005,0,8,8,8,Nordwest
259727,14,7,13,000,2019,09,15,2,3,5,3,0,1,1,0,0,0,0,"732461,706999999470000","5698938,953999998000000",12.341649635000067,51.393983809000076,0,8,8,8,Nordwest
259728,14,7,13,000,2019,09,15,2,3,6,4,0,1,0,1,0,0,0,"735274,712193817830000","5692733,418711887700000",12.377906394000036,51.33712207900004,0,0,0,0,Mitte
259730,14,7,13,000,2019,09,22,2,3,5,3,2,1,1,0,0,0,0,"734649,246604540390000","5693223,086485574000000",12.369265690000077,51.34177595600005,1,0,0,0,Mitte
259735,14,7,13,000,2019,08,13,4,3,2,6,0,0,1,0,0,0,0,"734047,872018642720000","5692313,332097245400000",12.360048921000043,51.33385739900007,0,0,0,0,Mitte
259738,14,7,13,000,2019,08,07,4,3,5,3,0,1,0,1,0,0,0,"732854,929212206970000","5690557,090679932400000",12.34180679800005,51.31858182500008,0,5,5,5,Südwest
259739,14,7,13,000,2019,08,08,4,3,0,1,0,0,0,0,1,0,0,"735422,661908773710000","5694271,125868793600000",12.381043226000031,51.35086378200003,0,0,0,0,Mitte
259741,14,7,13,000,2019,08,15,4,3,5,3,0,1,1,0,0,0,0,"738806,909342592580000","5695739,087950985900000",12.430538718000037,51.36262828500003,0,1,1,1,Nordost
259743,14,7,13,000,2019,08,06,4,3,5,3,0,0,1,0,0,0,1,"734569,401330186990000","5692132,644050901800000",12.367403305000039,51.33202061500003,0,0,0,0,Mitte
259746,14,7,13,000,2019,08,15,4,2,5,3,0,1,1,0,0,0,0,"731941,361003720200000","5693117,991217920600000",12.330386371000031,51.34194359000003,0,7,7,7,Alt-West
259748,14,7,13,000,2019,08,20,4,3,1,5,0,1,1,0,0,0,0,"734718,059512437320000","5691471,146962897900000",12.369097773000021,51.32602140700004,0,0,0,0,Mitte
259750,14,7,13,000,2019,09,20,1,3,4,7,2,1,1,0,0,0,0,"730214,084752812050000","5694095,574159935100000",12.30626148400006,51.351421310000035,0,7,7,7,Alt-West
259752,14,7,13,000,2019,09,19,1,3,6,7,0,0,1,1,0,0,0,"735047,286241292950000","5691297,568597311200000",12.373700189000033,51.32432737700003,0,4,4,4,Süd
259771,14,7,13,000,2019,08,06,3,3,3,6,0,1,1,0,0,0,0,"734612,572951412760000","5692441,253089711100000",12.36822512200007,51.33477302000006,0,0,0,0,Mitte
259774,14,7,13,000,2019,08,13,3,3,5,3,0,0,1,0,0,0,0,"727460,057999999260000","5689063,903000002700000",12.263566836000052,51.30735888400005,0,6,6,6,West
259776,14,7,13,000,2019,08,15,3,3,5,3,0,1,1,0,0,0,0,"734176,730451596900000","5692173,890508374200000",12.36180378000006,51.33255266200007,0,0,0,0,Mitte
259778,14,7,13,000,2019,08,12,3,3,3,2,0,1,1,0,0,0,0,"738633,630398772660000","5693596,106408383700000",12.42661742200005,51.34346599400004,0,2,2,2,Ost
259780,14,7,13,000,2019,08,06,3,3,5,3,0,1,0,0,0,0,0,"735640,097089888530000","5696706,097312741000000",12.38577308500004,51.372630568000034,0,9,9,9,Nord
259781,14,7,13,000,2019,09,16,2,3,4,2,0,0,1,0,0,0,0,"737248,367000000550000","5692229,235000001300000",12.40585345900007,51.33177656600003,1,3,3,3,Südost
259796,14,7,13,000,2019,09,17,1,3,2,6,0,0,1,0,0,0,0,"734314,331362481230000","5691792,140997873600000",12.363524490000032,51.32906922700005,0,0,0,0,Mitte
259797,14,7,13,000,2019,09,11,1,3,3,6,0,1,1,0,0,0,0,"731173,883157280270000","5696495,696929499500000",12.321580814000072,51.37257725300003,0,8,8,8,Nordwest
259798,14,7,13,000,2019,09,00,1,2,1,5,2,0,1,0,0,0,0,"734724,666024803180000","5698994,739297870500000",12.374156368000058,51.393553180000026,0,9,9,9,Nord
259800,14,7,13,000,2019,09,10,1,2,1,5,0,1,1,0,0,0,0,"737469,185427439400000","5694623,040107902100000",12.410613678000061,51.35317130200008,0,1,1,1,Nordost
259810,14,7,13,000,2019,09,08,7,3,4,2,0,0,1,0,0,0,0,"735058,551263363100000","5690888,602532068300000",12.373591944000054,51.320651679000036,0,4,4,4,Süd
259811,14,7,13,000,2019,09,12,7,3,3,6,0,1,1,0,0,0,0,"737374,242172640750000","5692663,247132007000000",12.407946197000058,51.335619773000076,0,3,3,3,Südost
259812,14,7,13,000,2019,09,19,7,3,5,3,1,0,1,0,0,0,0,"737146,784164015200000","5694333,601095967000000",12.405799182000067,51.350707888000045,0,1,1,1,Nordost
259813,14,7,13,000,2019,09,01,7,3,1,1,2,0,1,0,1,0,0,"735100,898251361210000","5689215,620932534300000",12.373095971000055,51.30561680400007,0,4,4,4,Süd
259814,14,7,13,000,2019,09,22,7,2,0,7,2,0,0,1,0,0,1,"730521,108515577390000","5691507,017298869800000",12.30898757400007,51.328059504000066,0,7,7,7,Alt-West
259815,14,7,13,000,2019,09,17,7,3,5,3,0,0,1,0,1,0,0,"735004,440537049440000","5691891,272431913800000",12.373477800000046,51.329674398000066,0,0,0,0,Mitte
259829,14,7,13,000,2019,09,02,6,3,0,1,2,1,0,0,0,0,0,"735441,588552949950000","5690117,979330822800000",12.378570349000029,51.31357593200005,0,4,4,4,Süd
259830,14,7,13,000,2019,09,13,6,3,2,6,0,0,1,0,0,0,0,"735984,202599863520000","5690261,048899920700000",12.386436894000042,51.314635457000065,0,4,4,4,Süd
259831,14,7,13,000,2019,09,20,6,3,4,2,2,0,1,0,0,0,0,"729286,523130762390000","5691021,604270039100000",12.290985085000045,51.32420082500005,0,6,6,6,West
259849,14,7,13,000,2019,09,18,5,3,5,3,0,1,1,0,0,0,0,"736342,644833179190000","5692762,901332698800000",12.393229768000026,51.33694391500006,0,0,0,0,Mitte
259850,14,7,13,000,2019,09,12,5,2,6,6,0,1,0,1,0,0,0,"740435,158486580480000","5700175,735366370500000",12.456885744000033,51.40176296100003,0,1,1,1,Nordost
259851,14,7,13,000,2019,09,15,5,3,5,2,0,1,1,0,0,0,0,"735589,089267291130000","5692242,776255078600000",12.382087116000037,51.33258777800006,0,0,0,0,Mitte
259853,14,7,13,000,2019,09,16,5,3,5,3,0,1,1,0,0,0,0,"739478,702297624200000","5692310,289127608800000",12.437864249000029,51.331569485000045,0,2,2,2,Ost