OBJECTID,ULAND,UREGBEZ,UKREIS,UGEMEINDE,UJAHR,UMONAT,USTUNDE,UWOCHENTAG,UKATEGORIE,UART,UTYP1,ULICHTVERH,IstRad,IstPKW,IstFuss,IstKrad,IstGkfz,IstSonstige,LINREFX,LINREFY,XGCSWGS84,YGCSWGS84,STRZUSTAND,index_right,FID,SBZ,Name
261036,14,7,13,000,2019,11,12,2,3,6,4,0,1,0,1,0,0,0,"737307,723976835610000","5693753,504938356600000",12.407719457000042,51.345433753000066,0,2,2,2,Ost
261046,14,7,13,000,2019,11,18,2,3,4,2,2,0,1,0,1,0,0,"737087,170395110730000","5691695,935544762800000",12.403188981000028,51.32705682000005,1,3,3,3,Südost
261048,14,7,13,000,2019,11,11,3,3,3,2,0,1,1,0,0,0,0,"734331,377333064560000","5692731,858825312900000",12.364386758000023,51.33749755800005,0,0,0,0,Mitte
261065,14,7,13,000,2019,11,15,2,3,0,5,0,1,0,0,0,1,0,"736616,393230638470000","5693781,115344364200000",12.397829123000065,51.345969730000036,0,2,2,2,Ost
261066,14,7,13,000,2019,11,18,2,3,2,6,2,0,1,0,0,0,0,"741358,166681100610000","5686905,217022689100000",12.461136708000026,51.28226141500005,0,3,3,3,Südost
261067,14,7,13,000,2019,11,10,2,2,0,1,0,1,0,0,0,0,0,"741984,123715035620000","5686499,423771273300000",12.46982070000007,51.27835371700007,0,3,3,3,Südost
261068,14,7,13,000,2019,11,13,2,3,3,6,0,0,1,0,0,1,0,"732687,002239814960000","5690534,375721484400000",12.33938637500006,51.318446607000055,0,5,5,5,Südwest
261082,14,7,13,000,2019,11,13,1,3,6,4,0,0,1,1,0,0,0,"731900,807009540500000","5690512,077758226500000",12.328109331000064,51.318567365000035,0,5,5,5,Südwest
261083,14,7,13,000,2019,11,10,1,3,6,2,0,0,1,1,0,0,0,"739496,531528694560000","5691858,868473853900000",12.437816343000065,51.327510121000046,0,2,2,2,Ost
261084,14,7,13,000,2019,11,14,1,2,5,3,0,1,0,0,0,0,0,"728104,314238206480000","5697284,141106762000000",12.278060335000077,51.38089635800003,0,8,8,8,Nordwest
261088,14,7,13,000,2019,11,21,7,3,5,3,2,1,1,0,0,0,0,"737298,050202099610000","5695375,750684866700000",12.408662420000041,51.35999912700004,0,1,1,1,Nordost
261109,14,7,13,000,2019,11,12,6,3,3,6,0,1,1,0,0,0,0,"735612,850762266670000","5691972,924419047300000",12.382249170000023,51.33015566200004,0,0,0,0,Mitte
261110,14,7,13,000,2019,11,16,6,3,0,1,2,1,0,0,0,0,0,"736511,566999999810000","5693464,412000002300000",12.396116289000076,51.34317056900005,1,0,0,0,Mitte
261111,14,7,13,000,2019,11,15,6,3,2,6,0,0,1,0,0,0,0,"734807,774861780000000","5691701,837988996900000",12.370535112000027,51.32805516700006,1,0,0,0,Mitte
261112,14,7,13,000,2019,11,21,6,3,5,3,2,1,1,0,0,0,0,"736476,613948386160000","5693018,899505686000000",12.395319521000033,51.33918611000007,1,2,2,2,Ost
261113,14,7,13,000,2019,11,07,6,3,2,6,0,0,1,0,0,0,0,"730898,270642575810000","5689399,815300537300000",12.313027380000051,51.30899028200008,0,5,5,5,Südwest
261114,14,7,13,000,2019,11,08,3,3,5,3,0,0,1,0,0,0,1,"737187,761406806300000","5692927,833796562600000",12.405450167000026,51.338072527000065,0,3,3,3,Südost
261115,14,7,13,000,2019,11,11,6,3,6,4,0,0,1,1,0,0,0,"736703,834458108060000","5689349,940745407700000",12.396139882000057,51.30615833300004,0,4,4,4,Süd
261116,14,7,13,000,2019,11,06,6,3,3,2,2,1,1,0,0,0,0,"735115,295985112900000","5697178,249195328000000",12.378558929000064,51.377086217000056,0,9,9,9,Nord
261118,14,7,13,000,2019,11,18,6,3,5,3,1,0,1,0,0,0,0,"734465,122478847390000","5696942,956982171200000",12.369078224000077,51.37524295700007,1,9,9,9,Nord
261135,14,7,13,000,2019,12,20,2,3,5,3,2,0,1,0,0,0,0,"733698,289002120490000","5697348,111096646600000",12.358346209000047,51.379195871000036,0,9,9,9,Nord
261142,14,7,13,000,2019,12,05,2,3,3,6,2,1,1,0,0,0,0,"734555,745000001040000","5695758,340000001700000",12.369596497000032,51.364571985000055,1,9,9,9,Nord
261146,14,7,13,000,2019,12,07,2,3,4,6,1,1,1,0,0,0,0,"734377,617596995090000","5692355,655214866600000",12.364801913000065,51.33410152500005,1,0,0,0,Mitte
261147,14,7,13,000,2019,12,16,5,3,4,6,2,1,1,0,0,0,0,"730875,311774231490000","5692248,610941214500000",12.31454330300005,51.33457310000006,0,7,7,7,Alt-West
261148,14,7,13,000,2019,12,16,5,2,6,2,1,0,1,1,0,0,0,"736965,499400797300000","5695762,541427169000000",12.40415222300004,51.36360975900004,0,1,1,1,Nordost
261149,14,7,13,000,2019,12,12,5,3,2,6,0,0,1,0,0,0,0,"733494,008831025100000","5695762,216763233800000",12.354374417000031,51.36504412700003,0,9,9,9,Nord
261150,14,7,13,000,2019,12,16,5,3,3,6,1,1,1,0,0,0,0,"732658,863013545980000","5691447,986079379900000",12.339579481000044,51.326659335000045,0,5,5,5,Südwest
261157,14,7,13,000,2019,12,16,2,3,2,6,0,0,1,0,0,0,0,"731369,974372692410000","5692038,287786088900000",12.321495511000023,51.33248404200003,0,7,7,7,Alt-West
261166,14,7,13,000,2019,12,10,4,3,5,3,0,1,1,0,0,0,0,"737267,339852576140000","5694404,831464674300000",12.407574745000034,51.35129694700004,0,1,1,1,Nordost
261167,14,7,13,000,2019,12,15,4,3,8,6,0,0,1,0,0,0,0,"736497,114043221810000","5697293,948522063000000",12.398454958000059,51.37755098200006,0,1,1,1,Nordost
261168,14,7,13,000,2019,12,16,4,3,1,6,2,0,1,0,0,0,0,"735083,402794936670000","5698336,371830202600000",12.378867754000055,51.387495036000075,0,9,9,9,Nord
261170,14,7,13,000,2019,12,07,4,3,6,4,2,0,1,1,0,0,0,"737488,790912020950000","5693297,170112736500000",12.410010284000066,51.34126207200006,0,2,2,2,Ost
261171,14,7,13,000,2019,12,09,4,2,3,3,0,1,1,0,0,0,0,"735333,407528690060000","5692191,352512070900000",12.378389472000038,51.332232024000064,0,0,0,0,Mitte
261173,14,7,13,000,2019,12,16,4,3,5,2,1,1,1,0,0,0,0,"735823,727292775180000","5689162,473916919900000",12.38341222200006,51.30484080000008,0,4,4,4,Süd
261190,14,7,13,000,2019,12,11,2,3,5,2,0,0,1,0,0,0,1,"734765,275896848180000","5691305,136287508500000",12.369664917000023,51.32451174100004,0,4,4,4,Süd
261192,14,7,13,000,2019,12,07,3,3,6,2,1,0,1,1,0,0,0,"733987,844884340650000","5692375,198865678200000",12.359229377000077,51.33443744500005,1,0,0,0,Mitte
261194,14,7,13,000,2019,12,17,3,3,4,2,2,1,1,0,0,0,0,"734771,718102759680000","5693730,066011255600000",12.371355218000076,51.34627624900003,0,0,0,0,Mitte
261195,14,7,13,000,2019,12,07,3,3,4,2,1,0,1,0,0,0,0,"736166,143325606360000","5691062,947260396600000",12.389573945000052,51.321758043000045,1,0,0,0,Mitte
261196,14,7,13,000,2019,12,16,3,3,6,2,1,0,1,1,0,0,0,"736539,287120734340000","5690723,540295906400000",12.394694257000026,51.31855646300005,0,0,0,0,Mitte
261197,14,7,13,000,2019,12,18,3,2,5,2,2,0,1,0,0,0,0,"732741,640433224850000","5692083,929122287800000",12.341180817000065,51.332334142000036,0,7,7,7,Alt-West
261199,14,7,13,000,2019,12,15,3,3,4,2,0,0,1,0,0,0,0,"730662,961705031800000","5691614,742898119600000",12.311089861000028,51.32896905400003,0,7,7,7,Alt-West
261201,14,7,13,000,2019,12,17,3,3,1,6,2,0,1,0,0,0,0,"737524,671928751280000","5693342,486995240700000",12.410554729000069,51.341653851000046,0,2,2,2,Ost
261202,14,7,13,000,2019,12,15,3,3,2,2,0,1,0,0,0,0,1,"731008,245000000110000","5693983,607999999100000",12.317573799000058,51.35009400200005,0,7,7,7,Alt-West
261203,14,7,13,000,2019,12,10,3,3,5,2,0,1,1,0,0,0,0,"729368,471742807890000","5690707,301870102100000",12.291957010000033,51.32134625500004,0,6,6,6,West
261205,14,7,13,000,2019,12,13,2,3,6,4,0,0,1,1,0,0,0,"731634,091004088520000","5688720,710594061800000",12.323125418000075,51.30259510500008,1,5,5,5,Südwest
261218,14,7,13,000,2019,12,09,1,2,5,3,0,0,1,0,0,0,0,"737703,477363888170000","5692076,645877577400000",12.41227265200007,51.330216918000076,1,3,3,3,Südost
261219,14,7,13,000,2019,12,08,2,3,5,2,1,1,1,0,0,0,0,"734786,919478982690000","5692624,863778010000000",12.370844494000039,51.33634923900007,0,0,0,0,Mitte
261220,14,7,13,000,2019,12,14,2,3,6,7,0,0,1,1,0,0,0,"729481,041276157830000","5694702,132860139000000",12.296143622000045,51.357162851000055,0,7,7,7,Alt-West
261221,14,7,13,000,2019,12,18,2,3,5,2,2,1,1,0,0,0,0,"734727,839866016990000","5696235,518880369100000",12.372379155000033,51.36878423400003,0,9,9,9,Nord
261222,14,7,13,000,2019,12,13,1,2,0,3,0,1,0,0,0,0,1,"736588,737999999900000","5693538,816000001500000",12.397271746000058,51.34380632400007,0,2,2,2,Ost
261223,14,7,13,000,2019,12,07,2,3,2,6,0,0,1,0,0,0,0,"738507,087394449860000","5696648,991548381700000",12.42685020500005,51.37092136900003,0,1,1,1,Nordost
261224,14,7,13,000,2019,12,16,2,3,2,6,2,0,1,0,0,0,0,"733860,198309190570000","5695638,502198314300000",12.359544044000074,51.36378299200004,1,9,9,9,Nord
261244,14,7,13,000,2019,12,21,1,3,4,1,2,1,1,0,0,0,0,"735087,205594621600000","5691983,626712480600000",12.374724600000036,51.33046920700008,1,0,0,0,Mitte
261249,14,7,13,000,2019,12,23,7,2,9,1,2,1,0,0,0,0,0,"735328,723039809610000","5691393,348554665200000",12.37779542900006,51.32507079700008,0,4,4,4,Süd
261252,14,7,13,000,2019,12,00,7,1,6,4,2,0,1,1,0,0,0,"737162,756074255330000","5692699,657233990700000",12.40493992000006,51.336034822000045,1,3,3,3,Südost
261259,14,7,13,000,2019,12,15,6,3,3,5,0,1,1,0,0,0,0,"737068,980422448370000","5693762,908903960100000",12.404303881000033,51.34561776500004,0,2,2,2,Ost
261260,14,7,13,000,2019,12,17,6,3,6,7,2,0,1,1,0,0,0,"732932,511067053300000","5691041,443122765000000",12.34323459500007,51.32289795400004,1,5,5,5,Südwest
261261,14,7,13,000,2019,12,18,6,2,6,4,2,0,1,1,0,0,0,"737808,241725724190000","5695005,260899873500000",12.415729455000076,51.35646034500007,1,1,1,1,Nordost
261262,14,7,13,000,2019,12,15,6,2,3,2,0,1,1,0,0,0,0,"731799,725527883510000","5691185,124187722800000",12.327098867000075,51.324650373000054,0,5,5,5,Südwest
261263,14,7,13,000,2019,12,07,6,3,5,3,0,1,1,0,0,0,0,"735922,672865486700000","5692734,292189462100000",12.387192501000072,51.33686148800007,0,0,0,0,Mitte
261274,14,7,13,000,2019,12,11,7,2,5,3,0,1,1,0,0,0,0,"733801,129999999890000","5695795,719000002400000",12.358800407000047,51.36521855500007,1,9,9,9,Nord
261278,14,7,13,000,2019,12,17,7,3,2,6,2,0,1,0,0,0,1,"737594,310137012970000","5693402,012983417100000",12.41159245700004,51.34215906400004,0,2,2,2,Ost
261279,14,7,13,000,2019,12,10,5,3,5,3,0,1,1,0,0,0,0,"731780,420829639770000","5691740,100503375800000",12.32718317900003,51.32964016200003,0,5,5,5,Südwest
261281,14,7,13,000,2019,12,16,5,3,5,3,2,1,1,0,0,0,0,"734181,700420363810000","5700114,948892558000000",12.367104795000046,51.40383286600007,0,9,9,9,Nord
261282,14,7,13,000,2019,12,00,7,3,5,3,2,0,1,0,0,0,0,"737385,743820771570000","5691589,837707737500000",12.407395965000035,51.32597997200003,1,3,3,3,Südost
261283,14,7,13,000,2019,12,11,5,2,2,2,0,0,1,0,0,0,0,"736438,013287885110000","5691191,304567845500000",12.393553738000037,51.32279730400006,0,0,0,0,Mitte
261284,14,7,13,000,2019,12,09,5,3,5,2,0,1,1,0,0,0,0,"737843,405110909600000","5695037,629859045100000",12.416255192000051,51.35673617200007,0,1,1,1,Nordost
261285,14,7,13,000,2019,12,18,5,3,3,2,2,0,1,0,0,0,1,"735055,547708423810000","5690553,974008915900000",12.373328340000057,51.31764915700006,0,4,4,4,Süd
261305,14,7,13,000,2019,12,16,4,3,2,2,2,1,1,0,0,0,0,"734176,223584049380000","5692174,614959362900000",12.361796993000041,51.33255937400003,0,0,0,0,Mitte
261306,14,7,13,000,2019,12,12,4,3,1,1,0,1,1,0,0,0,0,"739882,989251906980000","5689183,356782976500000",12.441553534000036,51.303332520000026,0,3,3,3,Südost
261308,14,7,13,000,2019,12,07,2,3,5,3,2,1,1,0,0,0,0,"733080,081000001170000","5694120,987000001600000",12.347363690000066,51.35048145500008,1,0,0,0,Mitte
261309,14,7,13,000,2019,12,15,4,3,6,2,0,0,1,1,0,0,0,"734002,922319991510000","5695564,696165019600000",12.361542016000044,51.36306171200005,0,9,9,9,Nord
261310,14,7,13,000,2019,12,15,4,3,5,3,0,1,1,0,0,0,0,"736635,696558828470000","5689769,360419578900000",12.395442256000024,51.30995146300006,0,4,4,4,Süd
261333,14,7,13,000,2019,12,07,3,3,2,2,1,1,1,0,0,0,0,"737788,462414504960000","5691448,818498091800000",12.413071452000054,51.32454600400007,1,3,3,3,Südost
261334,14,7,13,000,2019,12,16,3,3,1,5,2,1,1,0,0,0,0,"735483,089403856550000","5689467,151717478400000",12.378735196000036,51.30771669300003,1,4,4,4,Süd
261335,14,7,13,000,2019,12,07,3,3,5,3,2,1,1,0,0,0,0,"738107,124142939220000","5695146,362004339700000",12.420108630000072,51.357601713000065,1,1,1,1,Nordost
261336,14,7,13,000,2019,12,08,3,2,5,7,0,0,1,0,0,0,0,"735226,314665278420000","5693736,510818311900000",12.377875378000056,51.34614619200005,1,0,0,0,Mitte
261337,14,7,13,000,2019,12,17,3,3,2,2,2,0,1,0,0,0,1,"729827,147297668270000","5693901,233451521000000",12.300588837000078,51.349833294000064,1,7,7,7,Alt-West
261338,14,7,13,000,2019,12,13,3,2,5,3,0,1,1,0,0,0,0,"739005,712000000290000","5692201,248999999800000",12.43101413100004,51.33078969200005,1,2,2,2,Ost
261342,14,7,13,000,2019,12,12,6,3,5,2,0,1,1,0,0,0,0,"734772,106157609260000","5693730,117453020100000",12.37136081400007,51.346276551000074,0,0,0,0,Mitte
261346,14,7,13,000,2019,12,10,3,3,5,3,0,1,1,0,0,0,0,"734885,824382216670000","5692506,546992439800000",12.372183826000025,51.335246340000026,0,0,0,0,Mitte
261351,14,7,13,000,2019,12,07,2,3,5,2,1,0,1,0,0,0,0,"729832,142802027050000","5694459,563322661400000",12.301021001000038,51.35484341400007,1,7,7,7,Alt-West
261352,14,7,13,000,2019,12,09,6,3,4,2,0,1,1,0,0,0,0,"731310,298608628100000","5693991,110594831400000",12.32190872700005,51.350038519000066,0,7,7,7,Alt-West
261353,14,7,13,000,2019,12,09,2,3,4,2,0,1,1,0,0,0,0,"735098,340401832010000","5695911,634264186000000",12.377478156000052,51.365723736000064,0,9,9,9,Nord
261354,14,7,13,000,2019,12,10,2,3,6,4,0,1,0,1,0,0,0,"731020,150744463320000","5693986,706675631900000",12.317746484000054,51.35011698000005,0,7,7,7,Alt-West
261355,14,7,13,000,2019,12,12,6,3,5,2,0,1,1,0,0,0,0,"736342,906000000420000","5691152,500000001900000",12.392165524000063,51.32248849800004,0,0,0,0,Mitte
261356,14,7,13,000,2019,12,17,2,3,5,3,2,0,1,0,0,0,0,"734888,145776306280000","5696052,293644528800000",12.374556982000058,51.36707328300008,0,9,9,9,Nord
261357,14,7,13,000,2019,12,07,2,3,5,3,1,0,1,0,0,0,1,"740846,592139106240000","5694779,742911376100000",12.45913293500007,51.35315673900004,0,2,2,2,Ost
261362,14,7,13,000,2019,12,19,6,3,1,1,2,0,1,0,0,0,0,"729483,379889303820000","5694256,988209774700000",12.295890083000074,51.35316581600006,1,7,7,7,Alt-West
261368,14,7,13,000,2019,12,15,6,3,2,2,0,0,1,0,0,0,0,"728686,635156513190000","5689588,704801293100000",12.28147109200006,51.311578773000065,1,6,6,6,West
261370,14,7,13,000,2019,11,10,7,3,5,3,0,0,1,0,0,0,0,"735263,517777650620000","5695217,411662180000000",12.379387541000028,51.35942381900003,0,0,0,0,Mitte
261371,14,7,13,000,2019,11,13,7,3,3,5,0,1,1,0,0,0,0,"735759,458000001500000","5693296,883999999600000",12.385225970000022,51.34197914900005,0,0,0,0,Mitte
261377,14,7,13,000,2019,12,15,6,3,5,2,0,1,1,0,0,0,0,"730883,303499088620000","5689418,407139906700000",12.312825041000053,51.30916325100003,1,5,5,5,Südwest
261382,14,7,13,000,2019,11,23,6,3,5,3,2,0,1,0,0,0,0,"732654,573015506380000","5691451,547953136300000",12.339520339000046,51.32669306300005,0,5,5,5,Südwest
261383,14,7,13,000,2019,11,16,6,2,3,6,1,1,0,0,0,0,0,"733329,678999999540000","5690604,907999999800000",12.348638958000038,51.31881660700003,1,5,5,5,Südwest
261388,14,7,13,000,2019,12,19,2,3,3,5,2,1,1,0,0,0,0,"735057,042896518480000","5690935,049677318000000",12.373600956000075,51.32106923100008,0,4,4,4,Süd
261391,14,7,13,000,2019,12,08,6,2,5,2,0,1,1,0,0,0,0,"731874,862320329060000","5692906,080010205500000",12.329295294000076,51.340068432000066,0,7,7,7,Alt-West
261394,14,7,13,000,2019,11,17,5,3,4,6,2,1,0,0,0,0,0,"736238,885999999940000","5694038,990000000200000",12.392589416000021,51.34844145200003,0,0,0,0,Mitte
261395,14,7,13,000,2019,11,18,5,3,1,3,2,1,1,0,0,0,0,"735572,704330095090000","5691525,464461151500000",12.381378187000053,51.32615574500005,1,0,0,0,Mitte
261396,14,7,13,000,2019,11,08,5,3,5,3,0,1,1,0,0,0,0,"735073,448841518720000","5689669,009004572400000",12.373001560000034,51.30969794600003,0,4,4,4,Süd
261397,14,7,13,000,2019,11,19,5,3,2,6,2,0,1,0,0,0,0,"735389,694709759210000","5690886,706803733500000",12.378334446000054,51.32049777700007,1,4,4,4,Süd
261398,14,7,13,000,2019,12,14,6,3,2,6,0,1,1,0,0,0,0,"735081,582000002260000","5689778,105999998700000",12.373189928000045,51.31067388900004,1,4,4,4,Süd
261400,14,7,13,000,2019,11,08,5,2,5,3,0,0,1,0,0,0,1,"727784,769141930160000","5689140,271613650000000",12.268266372000028,51.30791464300006,1,6,6,6,West
261401,14,7,13,000,2019,12,07,6,2,5,3,0,0,1,0,0,0,1,"740846,415089248680000","5694779,087446549900000",12.459129953000058,51.35315093000003,0,2,2,2,Ost
261402,14,7,13,000,2019,11,17,5,3,3,6,2,1,1,0,0,0,0,"734997,636243567800000","5692287,386891229100000",12.373641534000058,51.333232887000065,0,0,0,0,Mitte
261403,14,7,13,000,2019,12,18,6,3,6,4,2,0,1,1,0,0,0,"735696,688258728940000","5695741,348230741900000",12.38594521400006,51.363947292000034,0,9,9,9,Nord
261422,14,7,13,000,2019,11,06,4,2,5,2,2,1,1,0,0,0,0,"735684,689094747420000","5696176,563524123300000",12.386061583000071,51.36785885900008,0,9,9,9,Nord
261423,14,7,13,000,2019,11,15,4,3,9,1,0,0,0,0,0,0,1,"735098,689840038310000","5694289,535253958800000",12.376411312000073,51.351163117000056,1,0,0,0,Mitte
261424,14,7,13,000,2019,11,18,4,3,5,3,2,0,1,0,0,0,1,"728561,189193462950000","5690491,378973735500000",12.280252684000061,51.31973270600008,0,6,6,6,West
261433,14,7,13,000,2019,12,07,2,3,6,4,1,1,0,1,0,0,0,"737085,973496171650000","5691690,530783912200000",12.403168238000035,51.32700880500005,1,3,3,3,Südost
261451,14,7,13,000,2019,12,16,5,3,6,4,1,0,1,1,0,0,0,"730822,063454988410000","5693663,087497763300000",12.314696972000036,51.34729235400005,0,7,7,7,Alt-West
261453,14,7,13,000,2019,12,13,7,2,5,3,0,0,1,0,0,0,1,"740915,718262950890000","5695193,389372926200000",12.460403839000037,51.356840144000046,0,2,2,2,Ost
261471,14,7,13,000,2019,12,12,2,3,2,6,0,0,1,0,0,0,0,"733976,601445757780000","5695366,654560282800000",12.36103433900007,51.36129483900004,0,9,9,9,Nord
261474,14,7,13,000,2019,12,14,6,3,0,1,0,0,0,0,1,0,0,"734804,306000000800000","5692491,269000003100000",12.371005597000021,51.335142860000076,1,0,0,0,Mitte
261478,14,7,13,000,2019,12,08,6,3,5,3,0,1,1,0,0,0,0,"734472,885341324840000","5692603,996282951900000",12.36633051900003,51.336291481000046,0,0,0,0,Mitte
261479,14,7,13,000,2019,12,17,7,3,2,6,2,0,1,0,0,0,0,"738701,437918324950000","5690994,450098918800000",12.425846448000073,51.32008534000005,0,3,3,3,Südost
261487,14,7,13,000,2019,12,11,6,3,5,3,0,0,1,0,0,0,1,"732153,307522043590000","5690954,245431885100000",12.332014393000065,51.32243366000006,1,5,5,5,Südwest
261491,14,7,13,000,2019,12,16,6,3,5,3,2,0,1,0,0,0,0,"729678,847016707060000","5687337,532205939300000",12.294234828000072,51.29097015200006,0,5,5,5,Südwest
261494,14,7,13,000,2019,12,16,7,3,0,4,2,0,1,1,0,0,0,"737139,359117965210000","5692937,072100643100000",12.404762694000055,51.338175636000074,0,2,2,2,Ost
261497,14,7,13,000,2019,12,12,6,3,4,2,0,1,1,0,0,0,0,"738863,501800001600000","5698837,651145244000000",12.433432518000075,51.39041649200004,0,1,1,1,Nordost
261507,14,7,13,000,2019,12,10,7,3,5,3,0,1,1,0,0,0,0,"735085,722590236920000","5689888,791008401700000",12.373322167000026,51.31166573400003,0,4,4,4,Süd
261511,14,7,13,000,2019,12,07,2,3,1,5,1,1,1,0,0,0,0,"734554,640770226720000","5692868,314959947000000",12.367676150000023,51.33863040800003,0,0,0,0,Mitte
261513,14,7,13,000,2019,12,12,6,3,1,1,0,0,1,0,0,0,0,"741628,077686109580000","5695249,159382769800000",12.470653589000051,51.357038284000055,1,2,2,2,Ost
261514,14,7,13,000,2019,12,11,2,3,6,2,0,0,1,1,0,0,0,"735536,643912308850000","5692913,757866842700000",12.381779240000071,51.33863243600007,0,0,0,0,Mitte
261524,14,7,13,000,2019,12,10,1,3,5,3,0,1,1,0,0,0,0,"730889,851237970400000","5689402,993100425200000",12.312908848000063,51.309022224000046,0,5,5,5,Südwest
261540,14,7,13,000,2019,12,11,1,3,6,6,0,0,1,1,0,0,0,"738054,871012987570000","5694705,421057246600000",12.419064536000064,51.35366575000006,0,1,1,1,Nordost
261548,14,7,13,000,2019,12,11,5,3,3,2,0,0,1,0,0,0,0,"733021,776999998840000","5696871,051000000900000",12.348329506000027,51.375191534000066,0,8,8,8,Nordwest
261565,14,7,13,000,2019,12,17,7,3,4,2,2,0,1,0,0,0,0,"735997,970805984920000","5699791,104602176700000",12.392955090000044,51.40017342700003,0,9,9,9,Nord
261576,14,7,13,000,2019,12,16,1,3,0,2,0,0,1,0,1,0,0,"734166,056036902590000","5696465,606659436600000",12.364474399000073,51.371081454000034,0,9,9,9,Nord
261583,14,7,13,000,2019,12,12,2,3,5,2,0,1,1,0,0,0,0,"739498,148831880650000","5691865,594466367700000",12.437844033000033,51.327569811000046,0,2,2,2,Ost
261605,14,7,13,000,2019,12,09,7,3,6,4,0,0,1,1,0,0,0,"735169,057770978660000","5693431,418855067300000",12.376853195000024,51.34343127000005,0,0,0,0,Mitte
261608,14,7,13,000,2019,12,17,5,3,5,2,2,1,1,0,0,0,0,"733293,987610615790000","5691809,808234274400000",12.348916189000022,51.329647185000056,0,5,5,5,Südwest
261618,14,7,13,000,2019,12,18,7,3,0,1,0,1,0,0,0,0,0,"742294,750877537760000","5694564,436794679600000",12.47974432500007,51.35060881900006,1,2,2,2,Ost
261637,14,7,13,000,2019,12,16,2,3,1,3,1,1,1,0,0,0,0,"735006,617276084610000","5691931,613063603600000",12.373535591000064,51.330035612000074,0,0,0,0,Mitte
261650,14,7,13,000,2019,12,17,4,3,0,6,2,1,0,0,1,0,0,"736235,820434384050000","5689672,839709185100000",12.389651385000036,51.30925115200006,0,4,4,4,Süd
261651,14,7,13,000,2019,12,19,1,3,8,1,1,0,0,0,1,0,0,"729738,631466822700000","5692467,633666792900000",12.298394988000041,51.33699957200008,1,6,6,6,West
261654,14,7,13,000,2019,12,17,4,2,6,4,2,0,1,1,0,0,0,"738430,496355243960000","5690924,980334054700000",12.42191888800005,51.31957537000005,1,3,3,3,Südost
261658,14,7,13,000,2019,12,16,4,2,6,4,1,0,1,1,0,0,0,"732679,421824373300000","5691845,810784425600000",12.340133768000044,51.330222081000045,0,5,5,5,Südwest
261659,14,7,13,000,2019,12,11,5,3,4,2,0,0,1,0,0,0,0,"731173,866956105460000","5691919,800017377400000",12.318608437000023,51.33150012800007,1,7,7,7,Alt-West
261661,14,7,13,000,2019,12,22,7,3,4,2,2,0,1,0,0,0,0,"730842,992334082720000","5693893,530139945400000",12.315146410000068,51.34935251600007,0,7,7,7,Alt-West
261666,14,7,13,000,2019,12,17,4,3,4,2,2,1,1,0,0,0,0,"737090,076000000350000","5696330,166000001100000",12.406316864000075,51.36865280600006,1,1,1,1,Nordost
261670,14,7,13,000,2019,12,14,4,3,5,2,0,0,1,0,0,0,0,"731688,123122722840000","5692026,936715301100000",12.326047147000054,51.33225264100008,1,7,7,7,Alt-West
261671,14,7,13,000,2019,12,19,4,3,0,1,2,0,0,0,1,0,0,"734866,397874627260000","5695329,198132490700000",12.373767634000046,51.360591527000054,1,9,9,9,Nord
261673,14,7,13,000,2019,12,15,7,1,6,4,0,0,0,1,0,0,1,"740819,783227483740000","5696585,928503979000000",12.459971359000065,51.36937958900006,0,1,1,1,Nordost
261676,14,7,13,000,2019,12,22,4,3,6,2,2,0,1,1,0,0,0,"734794,237984778360000","5692475,197476953300000",12.370850731000075,51.33500275200004,0,0,0,0,Mitte
261679,14,7,13,000,2019,12,10,4,3,6,4,0,0,1,1,0,0,0,"737802,413000000640000","5693763,072000002500000",12.41481600800006,51.34531293100008,1,2,2,2,Ost
261691,14,7,13,000,2019,12,19,1,3,5,3,2,1,1,0,0,0,0,"737517,007000000220000","5694934,335000002800000",12.411506966000047,51.35594550400003,0,1,1,1,Nordost
261708,14,7,13,000,2019,12,06,3,3,5,2,2,1,0,0,0,0,1,"735638,345211727540000","5692430,755450200300000",12.382917224000039,51.33425473200003,0,0,0,0,Mitte